word_chinese-gsdsimp,word_pinyin,age_of_learning,aoa_mean,concrete_mean,familiar_mean,imagine_mean
哀,ai1,7,4.51,4.19,5.06,5.46
埃,ai1,12,5.25,4.67,4.91,3.81
挨,ai1,4,4.34,4.43,5.58,5.25
癌,ai2,16,5.94,5.51,6.43,6.44
矮,ai3,3,3.41,5.3,6.83,6.55
爱,ai4,1,3.35,5.3,6.68,5.39
碍,ai4,7,5.11,3.92,4.97,4
安,an1,2,3.46,3.23,5.77,4.18
鞍,an1,13,5.49,5.38,5.68,4.97
岸,an4,1,3.74,6.06,5.94,6.74
案,an4,3,4.39,4.68,6,5.25
暗,an4,4,3.74,5.23,6.8,6.18
昂,ang2,4,4.77,4.08,5.81,4.94
凹,ao1,9,4.72,5.24,5.48,6.25
熬,ao2,7,5.21,4.69,6.19,5.17
袄,ao3,11,4.26,6.49,6.35,5.68
扒,ba1,2,3.87,5.65,6.52,5.56
疤,ba1,13,4.64,6.47,6.71,6.39
笆,ba1,4,4.92,5.72,5,4.73
拔,ba2,2,3.81,5.54,6.13,6.25
靶,ba3,15,5.56,6.39,6,5.94
坝,ba4,8,4.75,6.31,5.39,6.43
爸,ba4,1,2.21,6.76,7,6.94
罢,ba4,8,5,3.76,5.23,4.04
霸,ba4,15,5.23,4.1,5.5,4.45
掰,bai1,2,5.03,5.51,5.78,5.91
白,bai2,1,2.64,5.78,6.81,6.47
柏,bai3,3,4.5,6.53,6.29,5.55
摆,bai3,2,4.05,5.54,6.48,5.84
败,bai4,5,4.03,4.53,5.65,5.25
拜,bai4,6,4.5,4.72,6.39,5.13
扳,ban1,14,4.9,5.1,5.5,4.77
班,ban1,5,3.63,5.44,6.5,5.45
颁,ban1,19,5.14,4.65,5.45,4.96
斑,ban1,6,4.42,5.38,5.74,5.79
搬,ban1,2,4.05,5.49,6.61,5.48
板,ban3,3,3.77,6.31,6.33,6.26
办,ban4,1,3.67,3.73,5.87,3.82
伴,ban4,3,3.56,4.43,6.23,5.76
扮,ban4,3,4.11,5.13,6.56,5.53
拌,ban4,5,4.36,5.3,6.55,5.71
绊,ban4,11,4.46,5.33,6.55,5.56
瓣,ban4,2,4.46,6.05,6.47,5.44
邦,bang1,8,4.83,3.94,5.58,3.54
帮,bang1,2,3.68,5,6.9,4.94
绑,bang3,4,4.79,5.93,6.48,5.68
榜,bang3,9,4.78,4.82,6.34,5.13
膀,bang3,2,4.64,5.58,5.94,5.18
傍,bang4,2,4.82,4.13,4.87,4.81
棒,bang4,5,4.03,4.51,5.53,5.26
谤,bang4,18,6.1,4.15,5.81,4.03
包,bao1,2,3.18,5.49,6.41,6.12
褒,bao1,15,5.65,3.88,5.16,4.41
雹,bao2,4,5.17,6.39,4.77,6.25
宝,bao3,4,3.05,5.03,6.69,5.03
饱,bao3,3,3.42,5.32,6.68,6.43
保,bao3,6,4.11,3.62,5.94,4.32
堡,bao3,4,5,5.81,5.81,6.11
报,bao4,1,3.79,5.38,6.33,4.38
抱,bao4,2,3.25,5.97,6.74,6.52
豹,bao4,7,4.64,6.79,6.57,6.12
暴,bao4,7,4.88,3.44,6.06,4.42
爆,bao4,5,4.88,4.69,6.28,5.48
悲,bei1,6,4.2,4.85,6.59,5.84
碑,bei1,3,5.05,5.75,6.28,5.41
北,bei3,2,2.68,5.13,6.6,5.58
贝,bei4,2,3.53,6.08,6.39,5.21
狈,bei4,10,5.17,5.33,4.52,3.86
备,bei4,3,4.2,3.67,5.13,4.14
背,bei4,1,3.41,5.95,6.74,6.03
悖,bei4,15,6.03,3.79,5.03,3.53
奔,ben1,4,4.03,5.38,6.55,6.41
笨,ben4,3,3.63,4.87,6.87,5.61
崩,beng1,7,5.09,4.41,5.39,4.82
绷,beng1,7,5.13,4.8,5.94,5.5
泵,beng4,24,5.64,6,5.53,5.29
迸,beng4,9,5.18,4.56,5.53,4.74
蹦,beng4,2,4.15,5.93,6.86,6.61
逼,bi1,7,4.83,4.26,6.44,5.52
鼻,bi2,5,3.03,6.89,6.84,6.67
币,bi4,16,4.08,6.58,6.59,5.9
毕,bi4,5,4.62,3.18,5.84,3.68
闭,bi4,4,3.58,5.46,6.47,6.44
毙,bi4,3,5.39,5.14,5.1,5.68
敝,bi4,10,5.43,3.67,4.22,3.48
痹,bi4,15,5.9,3.13,3.55,3.82
辟,bi4,9,5.42,4.03,5.03,3.39
弊,bi4,18,5.32,4.1,5.84,4.38
碧,bi4,2,4.34,5.03,6.41,5.71
蔽,bi4,5,5.5,4.41,5.28,3.94
壁,bi4,2,4.67,6.05,6.83,5.74
避,bi4,7,4.47,5.43,6.43,5.96
臂,bi4,2,3.8,6.32,6.25,6.38
边,bian1,1,3.18,4.48,6.16,5.41
编,bian1,6,4.31,4.84,6,5.29
鞭,bian1,7,4.5,6.19,5.84,6.43
贬,bian3,15,5.33,4.3,5.81,5.15
扁,bian3,1,3.98,5.1,6.16,5.16
匾,bian3,6,5.3,6.79,5.47,5.81
变,bian4,1,3.45,4.31,6.72,5.16
辨,bian4,4,4.74,4.97,6.29,5.75
辩,bian4,7,5.03,4.7,6.47,5.71
辫,bian4,5,4.2,6.83,6.31,5.65
标,biao1,7,4.21,4.33,6.06,4.76
表,biao3,2,3.46,6.54,6.84,5.76
裱,biao3,14,6.08,5.22,3.61,5.21
憋,bie1,10,5.49,4.94,5.16,6.04
鳖,bie1,18,5.58,6.74,5.25,5.52
蹩,bie2,19,6.33,4.54,4.34,3.87
瘪,bie3,21,5.97,4.35,4.63,5.15
宾,bin1,2,4.32,5.08,6.28,4.68
滨,bin1,7,5.53,5.62,5.69,4.55
殡,bin4,9,6.18,4.15,5,4.24
鬓,bin4,6,5.92,6.06,4.97,6.18
冰,bing1,2,3.03,6.95,6.84,6.6
兵,bing1,3,3.6,6.68,6.71,6.34
柄,bing3,7,5.13,6.26,6,5.26
饼,bing3,3,3.44,6.58,6.42,6.75
病,bing4,3,3.31,5.8,6.62,6.52
拨,bo1,1,4.49,5.45,6.55,5.56
波,bo1,1,3.86,5.54,6.67,6
剥,bo1,4,4.55,5.21,6.52,5.68
脖,bo2,3,3.76,6.65,6.46,7
播,bo1,4,4.75,5.05,6.42,5.2
伯,bo2,2,3.28,6.18,6.61,5.71
驳,bo2,6,6,4.35,5.63,4.62
箔,bo2,13,6.21,5.6,4.88,4.91
薄,bo2,4,4.36,5.22,6,6.04
跛,bo3,22,5.53,5.25,5.31,5.71
补,bu3,2,4.03,4.67,6.5,4.52
捕,bu3,3,4.34,5.28,6,6.15
布,bu4,2,3.4,6.84,6.71,6.52
部,bu4,2,4.11,3.68,5.32,3.82
簿,bu4,15,4.8,5.68,5.69,5.06
擦,ca1,1,3.64,5.92,6.4,6.48
猜,cai1,5,4.08,4.85,6.87,5.94
材,cai2,4,3.72,5.2,6.55,5.06
财,cai2,5,3.9,5.45,7,5.82
裁,cai2,8,4.44,5.45,6.03,6.12
采,cai3,2,3.87,5.08,6.55,5.91
彩,cai3,2,3.87,4.25,6.48,5.59
踩,cai3,3,3.95,6.26,6.74,6.12
菜,cai4,2,3.22,6.28,6.57,6.74
参,can1,1,3.9,3.43,5.97,4.38
餐,can1,2,4.31,5.68,6.87,6.12
残,can2,4,4.59,4.25,5.48,5.47
蚕,can2,5,4.28,6.92,6.57,5.97
惨,can3,5,4.64,3.95,6,5.82
仓,cang1,13,4.03,5.62,6.53,5.26
苍,cang1,2,4.25,2.97,5.13,3.82
舱,cang1,6,4.83,6.14,5.61,6.43
藏,cang2,3,4.34,5.69,6.17,6.26
操,cao1,4,4.47,4.24,6.07,4.61
槽,cao2,6,5.25,5.81,5.23,5.93
草,cao3,1,3.08,6.72,6.9,6.61
侧,ce4,5,4.28,4.58,5.34,4.94
厕,ce4,5,3.63,6.05,6.71,6.38
测,ce4,8,4.64,4.33,6.53,4.94
策,ce4,10,4.92,4.1,5.88,3.61
叉,cha1,9,4.13,5.1,5.19,5.06
杈,cha1,5,5.11,6.14,4.13,5.86
插,cha1,3,4.24,5.65,6.65,6.15
查,cha2,5,3.82,4.85,6.59,5.15
茶,cha2,1,3.55,6.84,6.77,6.67
搽,cha2,24,5.46,4.78,4.78,3.81
察,cha2,2,4.29,3.89,5.68,4.14
岔,cha4,10,4.94,4.89,5.26,5.79
差,cha4,4,3.39,4.16,5.87,4.75
拆,chai1,6,4.67,5.46,6.3,5.96
柴,chai2,2,3.83,6.28,5.97,6.61
豺,chai2,7,5.68,6.16,5.84,4.81
掺,chan1,7,5.25,4.95,5.23,5.64
搀,chan1,8,4.94,5.76,5.58,6
馋,chan2,4,4.4,4.76,5.94,6.33
缠,chan2,6,4.5,5.26,6.41,5.58
蝉,chan2,4,4.69,6.74,6.42,5.82
产,chan3,2,3.56,3.97,5.74,4.68
铲,chan3,7,4.77,6,6.22,5.52
颤,chan4,5,4.88,5.41,6.16,5.77
昌,chang1,13,4.78,3.18,5.69,3.29
长,chang2,1,2.49,4.97,6.73,6.56
肠,chang2,5,4.33,6.45,6.55,6.15
尝,chang2,5,3.84,5.5,6.87,6.35
偿,chang2,15,4.6,4.08,5.47,4.29
厂,chang3,1,3,5.81,6.06,6.15
敞,chang3,5,4.87,4.93,6.16,5.29
畅,chang4,7,5.19,3,5.74,4.57
唱,chang4,1,3.41,6.23,6.93,6.52
抄,chao1,5,3.82,5.78,6.87,6.56
超,chao1,6,4.11,4.08,5.42,4.63
巢,chao2,8,4.97,6.42,5.77,6.56
潮,chao2,2,4.59,6.05,6.61,5.74
吵,chao3,4,3.44,5.33,6.63,5.87
炒,chao3,6,4.08,5.33,6.42,5.84
车,che1,2,2.65,6.84,6.9,6.48
扯,che3,8,4.66,5.86,5.77,6
彻,che4,6,4.97,3.03,5,3.55
撤,che4,5,4.95,5.03,6.61,4.94
尘,chen2,4,3.95,6.03,6.53,5.35
臣,chen2,10,4.28,5.31,6.48,5.06
沉,chen2,3,3.78,5.38,6.5,5.29
陈,chen2,3,4.38,3.28,5.39,4.41
闯,chuang3,4,4.35,5.13,6.44,5.58
衬,chen4,3,4.31,4.22,5.23,4.48
称,chen4,4,4.32,5.05,6.47,5.26
撑,cheng1,6,4.95,5.23,6.34,5.32
成,cheng2,1,3.17,3.22,5.55,3.64
呈,cheng2,5,4.56,4,5.39,3.82
诚,cheng2,2,4,3.75,6.25,4.94
城,cheng2,2,3.8,6.5,6.78,6.42
乘,cheng2,3,3.84,4.68,6.48,5.47
惩,cheng2,10,5.28,4.86,6,5.43
程,cheng2,7,4.95,3.38,6.09,3.32
澄,cheng2,3,5.42,4.05,4.69,4.47
逞,cheng3,15,5.65,3,5.25,3.39
秤,cheng4,4,4.6,6.51,5.61,6.32
吃,chi1,1,2.61,6.45,7,6.85
弛,chi2,14,5.03,4.62,5.42,4.5
池,chi2,2,3.58,6.49,6.59,6
驰,chi2,7,5.05,4.92,6.45,5.82
迟,chi2,2,3.78,4.51,5.71,5.18
持,chi2,4,4.64,4.87,6.38,4.58
齿,chi3,5,3.03,6.59,6.53,6.69
耻,chi3,7,4.74,3.45,5.78,4.82
斥,chi4,12,4.75,4.76,5.52,5.61
赤,chi4,2,4.82,3.4,4.16,4.65
炽,chi4,11,5.49,3.58,4.1,3.71
翅,chi4,2,3.82,6.32,6.56,6.1
充,chong1,4,4.13,3.54,6,4.39
冲,chong1,2,3.8,4.82,6.38,5.17
虫,chong2,1,2.6,6.64,6.37,6.81
崇,chong2,10,5.33,2.84,5.25,3.26
宠,chong3,16,4.95,3.78,6.47,5.12
抽,chou1,3,4.17,5.53,5.87,6.11
仇,chou2,7,4.18,4.15,6.25,4.87
绸,chou2,4,5.33,5.85,6.35,5.47
愁,chou2,6,4.4,4.68,5.97,5.45
稠,chou2,4,5.18,4.38,5.66,5.35
筹,chou2,7,5.87,3.5,5.28,3.74
酬,chou2,8,5.3,4.87,6.38,5.35
丑,chou3,4,3.13,5.05,6.71,5.68
瞅,chou3,3,5.15,6.24,5.84,5.55
臭,chou4,5,3.44,5.53,6.77,6.82
出,chu1,1,2.58,4.72,6.52,5.13
初,chu1,7,4.18,3.33,4.94,3.23
厨,chu2,7,4.03,6.03,6.44,5.55
锄,chu2,2,4.14,6.47,5.26,5.93
雏,chu2,15,5.59,4.26,5.16,4.55
储,chu3,8,5,5.03,5.77,5.93
处,chu4,2,3.83,3.54,5.06,3.96
怵,chu4,21,6.51,3.33,3.52,4
触,chu4,6,4.45,5.33,6.44,5.55
矗,chu4,3,5.82,4.33,4.87,4.82
揣,chuai3,13,5.23,4.98,6.13,5.26
踹,chuai4,17,5.18,5.92,6.09,5.81
穿,chuan1,2,3.3,5.46,6.84,5.97
传,chuan2,4,4.08,4.82,6.33,5.52
船,chuan2,1,3.4,6.84,6.74,6.74
喘,chuan3,3,4.75,5.92,6.13,6.23
疮,chuang1,13,5.95,5.87,5.72,5.71
窗,chuang1,1,3.15,6.95,6.81,6.71
床,chuang2,3,2.59,6.9,7,6.91
创,chuang4,6,4.67,3.8,6.38,5.18
吹,chui1,1,3.33,5.95,6.83,6.13
炊,chui1,5,4.92,4.3,4.75,4.88
垂,chui2,4,4.2,4.79,6,4.68
捶,chui2,17,5.11,6.11,5.61,6.26
锤,chui2,4,4.61,6.47,5.74,6.63
春,chun1,2,2.85,5.63,6.97,6.55
纯,chun2,9,4.34,4.08,6.3,4.93
唇,chun2,6,3.82,6.95,6.58,6.83
醇,chun2,15,5.75,3.86,4.71,4.43
蠢,chun3,12,4.78,4.7,6.4,6.04
戳,chuo1,11,5.74,5.48,6.1,5.88
辍,chuo4,16,5.4,4.36,5.63,3.58
词,ci2,3,3.64,5.73,6.9,5.79
祠,ci2,18,5.82,5.48,5.59,4.65
瓷,ci2,9,5.08,6.3,6.63,5.53
慈,ci2,2,4.83,4.49,6.45,4.58
辞,ci2,7,4.95,4.03,6,4.68
磁,ci2,14,5.53,4.16,5.52,5.19
雌,ci2,10,5.63,4.92,5.63,5.1
刺,ci4,3,4.44,6,6.67,6.24
赐,ci4,10,5.28,5.08,6.35,5.13
葱,cong1,5,3.97,6.81,6.53,6.75
丛,cong2,2,3.89,4.75,6.03,4.59
凑,cou4,5,4.64,4.76,5.93,5.36
粗,cu1,2,3.33,5.73,6.59,6.73
促,cu4,6,4.51,3.58,6.19,4.59
醋,cu4,15,4.28,6.62,6.3,6.85
蹿,cuan1,4,5.39,5.3,5.29,5.68
窜,cuan4,5,4.82,5.15,6.59,5.47
催,cui1,3,4.49,4.5,6.41,5.24
摧,cui1,7,5.13,4.62,6.19,5.09
脆,cui4,4,4.34,5,6.72,5.53
啐,cui4,17,5.88,4.82,4.44,4.24
翠,cui4,5,4.39,4.3,5.81,5.18
村,cun1,1,3.33,6.31,6.77,6.03
存,cun2,2,3.78,4.57,6.53,4.79
搓,cuo1,5,4.49,5.58,6.45,5.97
挫,cuo4,17,5.19,3.81,5.52,4.64
错,cuo4,2,3.18,4.64,6.53,5.23
搭,da1,4,4.69,4.76,6.23,4.82
达,da2,2,4.08,3.85,5.52,4.13
答,da2,3,3.54,5.28,6.67,5.29
打,da3,2,3.05,5.75,6.9,6.82
大,da4,1,2.38,5.53,6.84,6.81
呆,dai1,4,3.78,4.05,5.81,4.39
歹,dai3,14,4.95,3.79,5.47,4
带,dai4,2,3.22,4.97,6.77,5.46
待,dai4,5,4.28,4.35,5.77,4.75
贷,dai4,7,5.42,4.59,5.68,4.89
逮,dai4,5,4.74,5.33,6.74,5.74
戴,dai4,2,4.08,5.79,6.47,5.58
丹,dan1,8,4.38,3.88,5.34,4.53
担,dan1,2,4.03,5.03,5.45,5.68
胆,dan3,2,3.77,5.36,6.55,5.43
掸,dan3,12,5.56,4.95,4.77,5.18
旦,dan4,5,4.5,4.25,4.97,3.57
弹,dan4,4,4.48,5.05,6.25,5.42
淡,dan4,3,3.85,4.63,6.55,5.53
蛋,dan4,3,3.08,6.79,6.77,6.67
当,dang1,2,3.65,3.87,5.19,3.55
挡,dang3,3,4.18,5.6,6.65,5.62
党,dang3,2,4.11,4.81,6.5,5.75
荡,dang4,2,4.55,4.9,5.38,5
档,dang4,21,4.64,4.92,5.74,4.43
刀,dao1,2,2.48,6.82,6.84,6.7
叨,dao1,5,4.67,4.95,5.97,5.11
导,dao3,3,4.31,3.49,5.9,4.61
岛,dao3,2,4.25,6.89,6.68,6.55
倒,dao3,3,3.98,5.33,6.09,5.61
捣,dao3,9,4.77,5.06,5.77,5.89
蹈,dao3,6,5.11,4.33,5.29,4.93
到,dao4,1,3.05,4.23,6.84,5.09
盗,dao4,6,4.83,5.42,6.38,5.13
道,dao4,2,3.75,4.28,5.66,3.71
稻,dao4,3,4,6.68,6.38,6.29
德,de2,5,4.21,3.58,6.29,4.62
灯,deng1,1,2.65,6.84,6.84,6.7
登,deng1,5,4.11,5.43,6.66,6.06
蹬,deng1,4,5.25,5.51,5.38,5.61
凳,deng4,4,3.59,6.92,6.84,6.69
瞪,deng4,3,4.74,6.1,6.48,6.27
低,di1,2,3.17,5.11,6.53,6.18
堤,di1,6,4.59,6.08,6.71,5.76
敌,di2,2,3.63,5.33,6.42,5.74
笛,di2,6,4.5,6.51,6.53,6.45
底,di3,2,3.64,5.38,5.9,5.57
抵,di3,6,5.28,4.05,5.59,4.09
弟,di4,1,2.63,6.92,6.74,6.13
帝,di4,4,4.28,5.2,6.74,5.94
递,di4,3,4.41,5.43,6.65,5.59
掂,dian1,20,5.36,5.46,5.52,5.64
颠,dian1,5,5.09,4.28,5.48,5.18
巅,dian1,19,6.09,5.32,4.26,5.64
典,dian3,11,4.11,3.92,4.94,4.14
电,dian4,2,3.08,5.18,6.87,6.42
店,dian4,7,3.58,6.47,6.97,6.58
垫,dian4,3,4.91,5.35,5.52,5.54
惦,dian4,5,5.43,4.26,5.84,4.87
殿,dian4,7,5.31,6.25,5.71,5.82
叼,diao1,4,4.28,5.78,5.52,6.18
貂,diao1,5,5.59,6.05,5.69,5.12
雕,diao1,6,5.23,5.55,6.39,5.94
钓,diao4,6,4.11,5.83,6.69,6.48
调,diao4,5,4.67,4.45,6.22,5.09
掉,diao4,2,3.65,5.18,6.39,5.23
爹,die1,11,3.38,6.74,6.45,6.52
跌,die1,8,4.46,5.46,6.31,6.03
碟,die2,7,4.53,6.49,6.61,6.33
蝶,die2,6,3.58,6.58,6.47,6.93
叮,ding1,6,3.78,5.61,5.84,5.23
盯,ding1,3,3.79,5.68,6.77,6.61
钉,ding1,3,3.83,6.31,6.03,6.63
顶,ding3,2,3.71,5,5.81,5.93
鼎,ding3,7,5.75,6.14,5.13,5.64
订,ding4,5,4.38,4.97,6.47,5.16
定,ding4,1,3.77,3.1,6.17,4.41
锭,ding4,16,5.58,5,5.13,3.73
丢,diu1,2,3.44,5.22,6.35,6.04
东,dong1,2,2.85,5.1,6.45,4.71
冬,dong1,3,2.79,5.45,6.97,6.52
董,dong3,6,5.08,2.5,5,2.53
懂,dong3,3,4.55,4.67,6.71,4.81
动,dong4,2,2.8,4.08,6.35,5.89
冻,dong4,4,3.71,5.11,6.13,5.86
洞,dong4,1,3.43,6.66,6.68,6.19
兜,dou1,6,4.69,5.88,6,5.15
斗,dou3,3,3.72,4.62,6.37,5.71
抖,dou3,4,4.23,5.38,6,5.96
豆,dou4,2,3.1,6.72,6.84,6.61
逗,dou4,2,3.79,4.85,6.42,5.21
督,du1,11,5.38,3.87,6.1,4.1
毒,du2,10,4,4.92,6.32,4.94
读,du2,2,3.18,5.88,6.9,6.32
犊,du2,19,5.82,5.21,5.47,4.71
堵,du3,4,4.28,5.55,6.31,6.27
赌,du3,15,4.47,5.19,5.97,5.54
睹,du3,10,5.21,5,6.35,6.42
妒,du4,8,5.19,4.24,5.26,4.79
肚,du4,3,2.97,6.79,6.55,6.47
渡,du4,6,4.66,5.46,6.06,5.75
镀,du4,7,5.9,5.44,5.59,4.39
端,duan1,3,4.39,4.89,4.94,5
短,duan3,1,3.31,4.97,6.84,5.61
断,duan4,2,3.8,4.64,6.34,5.7
缎,duan4,14,5.29,5.76,5.13,5.81
锻,duan4,8,4.85,3.75,5.94,4.53
队,dui4,3,3.6,5.11,6.27,5.21
兑,dui4,15,5.54,4.05,6.13,4.48
墩,dun1,6,5.82,5.25,5.56,4.79
蹲,dun1,4,4.62,6.13,6.19,6.26
炖,dun4,21,4.71,5.93,6.76,6.12
盾,dun4,15,4.72,6.42,5.97,6
钝,dun4,16,4.78,4.74,6.03,4.87
遁,dun4,19,6.08,3.68,4.41,4.18
多,duo1,1,2.5,5.13,6.77,5.32
夺,duo2,3,3.87,5.25,6.79,6.12
踱,duo2,6,5.36,5.33,5.94,5.55
躲,duo3,1,3.97,5.33,6.57,6.42
剁,duo4,17,5.25,5.86,5.39,6.36
堕,duo4,16,5.61,4.32,5.42,4.71
惰,duo4,16,5.36,3.68,4.73,5.06
跺,duo4,9,5.19,5.54,5.74,6.46
讹,e2,18,6.26,4.05,4.48,3.86
鹅,e2,1,3.18,6.85,6.84,6.7
恶,e4,5,4.23,4.41,6.19,4.94
饿,e4,2,3.29,5.11,5.29,5.82
恩,en1,4,4.21,3.3,6.39,4.47
摁,en4,17,5.41,5.46,4.97,5.23
耳,er3,2,2.43,6.92,6.77,6.63
饵,er3,11,5.17,5.94,5.1,5.75
发,fa1,2,3.38,4.48,6.41,5
乏,fa2,10,4.33,3.38,5.27,4.86
伐,fa2,11,4.78,5.08,5.55,5.57
罚,fa2,12,4.51,5.28,6.65,5.97
阀,fa2,12,5.44,5.05,5.45,4.93
法,fa3,2,3.24,3.83,6.39,5.21
帆,fan1,7,4.68,6.5,6.16,6.43
幡,fan1,22,6,5.38,4.5,3.68
翻,fan1,2,4.06,5.64,6.4,6.3
藩,fan1,15,6.3,4.03,4.16,2.47
烦,fan2,3,4.36,3.81,6.53,5.89
繁,fan2,6,4.83,3.76,6.26,5.21
反,fan3,3,3.55,3.9,5.56,4.65
返,fan3,3,4.19,4.78,6.23,5.43
犯,fan4,5,4.67,3.9,5.94,4.94
泛,fan4,5,4.64,4,5.13,4
饭,fan4,2,2.6,6.69,6.84,6.89
贩,fan4,15,5.74,5.11,5.87,4.96
方,fang1,2,3.08,4.68,5.84,5.32
芳,fang1,12,3.94,3.73,5.52,3.96
防,fang2,5,4.08,4.6,6.66,5.38
妨,fang2,13,5.13,3.38,5.84,3.19
房,fang2,1,3.03,6.71,6.84,6
仿,fang3,5,4.54,4.3,6.39,4.53
访,fang3,5,4.23,4.41,6.27,5.43
纺,fang3,9,4.46,5.43,5.78,4.91
放,fang4,1,3.25,4.68,6.33,5.75
飞,fei1,1,2.6,5.95,6.84,6.35
妃,fei1,15,5.45,5.74,6.16,5.26
菲,fei1,11,5.56,2.23,3.5,3
肥,fei2,2,3.75,5.08,6.53,6.29
匪,fei3,11,4.44,5.68,5.94,6.69
吠,fei4,15,5.5,5.43,4.77,5.61
废,fei4,7,4.41,4.13,5.75,5.09
沸,fei4,7,4.72,4.65,5.38,5.71
肺,fei4,9,4.38,6.72,6.77,6.39
分,fen1,3,2.85,4.87,6.45,4.68
坟,fen2,13,4.08,6.69,6.73,6.55
焚,fen2,14,5.51,5.69,5.61,6.11
粉,fen3,2,3.75,6.06,6.41,6.37
愤,fen4,3,4.65,4.21,5.34,5.39
粪,fen4,5,4.14,6.27,6.13,6.86
丰,feng1,4,3.45,3.18,6.26,4.68
风,feng1,1,2.73,6.43,6.84,6.62
枫,feng1,1,4.81,6.03,6.03,6
疯,feng1,9,4.4,4.46,5.16,5.9
峰,feng1,4,3.86,6.22,5.94,6.71
蜂,feng1,2,3.82,6.62,6.77,6.76
逢,feng2,4,4.77,4.32,5.48,4.82
缝,feng2,5,4.38,6.03,5.63,5.35
凤,feng4,4,3.97,5.2,5.88,6.33
奉,feng4,8,4.74,3.73,5.29,4.43
俸,feng4,15,6.1,4.67,4.91,4.13
佛,fo2,5,4.4,5.56,6.47,5.71
夫,fu1,2,3.69,5,6.8,5.03
肤,fu1,12,3.92,6.33,6.47,6.11
敷,fu1,9,5.64,5.19,5.48,5.68
伏,fu2,2,4.54,4.6,5.66,5.24
扶,fu2,4,3.68,5.68,6.72,6.03
拂,fu2,5,5.33,5.03,6,5.16
服,fu2,2,4.28,4.59,5.38,4.81
浮,fu2,1,4.48,5.21,5.94,5.7
福,fu2,2,4.2,3.62,6.32,4.65
抚,fu3,2,4.53,5.33,6.19,5.74
府,fu3,7,4.88,5.71,6.28,5.35
俯,fu3,5,4.85,5.43,5.75,5.56
辅,fu3,7,5,4.31,6,4.13
腐,fu3,6,4.82,4.3,5.94,5.35
父,fu4,2,2.62,6.77,6.93,6.85
付,fu4,6,4.33,4.69,6.5,4.87
妇,fu4,2,3.86,6.08,6.52,5.71
负,fu4,4,4.5,4.03,5.41,3.84
附,fu4,2,4.94,4.03,5.58,4.5
赴,fu4,10,5.35,4.62,6.28,4.61
副,fu4,5,4.53,3.44,6.22,3.65
傅,fu4,14,5.1,4.46,5.25,3.68
富,fu4,5,4.03,4.38,6.69,6.52
赋,fu4,13,5.65,4.74,5.84,3.94
缚,fu4,16,5.46,5.35,5.87,5.41
腹,fu4,5,4.38,6.46,6.58,6.3
覆,fu4,5,5.44,4.43,5.39,5.07
嘎,ga2,12,5.64,3.41,3.63,2.84
该,gai1,2,3.69,2.35,5.44,3.56
改,gai3,4,3.54,4.95,6.84,5.56
钙,gai4,15,5.51,5.1,6.67,5.41
盖,gai4,2,3.77,5.6,6.57,5.76
干,gan1,2,2.9,4.23,5.66,5.06
杆,gan1,4,3.9,6.77,6.48,5.97
肝,gan1,7,4.28,6.46,6.23,6.48
秆,gan3,5,5.34,5.58,3.9,4.89
赶,gan3,2,3.78,4.78,6.83,5.88
敢,gan3,2,3.59,3.35,5.97,4.65
擀,gan3,13,5.95,5.25,5.28,5.06
冈,gang1,6,4.38,4.69,5.06,4.18
岗,gang1,8,4.56,5.22,5.68,5.78
纲,gang1,6,4.72,4.11,5.29,4.14
缸,gang1,2,4,6.63,5.87,6.68
钢,gang1,3,4.2,6.58,6.71,6.23
港,gang3,5,4.85,6.08,6.34,5.68
杠,gang4,9,4.56,6.34,5.88,6.21
高,gao1,1,2.81,5.08,6.8,6.76
膏,gao1,13,4.42,6.14,6.17,6.18
糕,gao1,4,3.97,6.37,5.81,6.7
搞,gao3,6,4.66,3.76,6.17,4.79
稿,gao3,5,5.2,6.19,6.52,5
镐,gao3,18,6.31,4.55,4.34,4.25
告,gao4,2,3.44,4.86,6.63,5.32
戈,ge1,8,5.28,4.46,4.65,4.25
疙,ge1,4,5.57,4.95,4.2,5.54
哥,ge1,1,2.64,6.3,6.77,6.86
鸽,ge1,13,3.95,6.69,6.87,6.24
割,ge1,2,4.26,5.9,6.5,6.2
搁,ge1,6,4.69,4.92,5.8,5.75
歌,ge1,1,3.23,6.59,7,6.73
阁,ge2,7,5.11,5.4,5.84,5.24
革,ge2,3,4.72,2.58,5.69,3.35
格,ge2,4,3.92,5.2,6.48,5.56
隔,ge2,3,4.55,4.38,6.41,5.13
嗝,ge2,15,5.11,5.27,4.26,5.46
耕,geng1,9,4.64,5.68,6.33,5.79
梗,geng3,12,5.82,4.33,3.38,3.09
工,gong1,1,2.61,4.46,6.7,4.75
弓,gong1,5,3.58,6.78,6.33,6.06
公,gong1,1,2.89,3.86,6.06,4.79
功,gong1,2,3.83,3.78,5.97,4.29
攻,gong1,6,4.26,4.38,6.37,5.54
供,gong1,6,4.42,4.63,6.42,5.06
宫,gong1,3,4.23,5.53,6.53,5.91
恭,gong1,5,4.86,3.41,4.71,4.36
躬,gong1,5,5.31,5.08,5.19,5.39
汞,gong3,15,6.74,5.97,5.75,4.52
拱,gong3,3,4.54,4.79,6.39,4.94
贡,gong4,6,4.79,3.83,5.71,3.82
勾,gou1,11,3.85,4.93,6.25,5.71
沟,gou1,2,3.85,6.61,6.52,6
钩,gou1,4,4,6.29,6.03,6.03
狗,gou3,1,2.83,6.83,6.97,7
构,gou4,9,4.49,3.89,5.68,3.79
购,gou4,11,4.73,5.36,6.59,5.19
够,gou4,4,4.17,3.7,5.17,4.71
估,gu1,8,4.49,3.97,6.06,4.18
咕,gu1,2,5.16,3.4,3.97,2.5
姑,gu1,3,3.11,6.03,6.45,6.85
孤,gu1,4,4.56,4.59,6.13,5.04
沽,gu1,22,5.72,3.5,4.52,3.54
菇,gu1,5,4.49,5.83,5.74,5.53
箍,gu1,16,5.74,5.15,4.44,4.62
古,gu3,2,3.1,3.85,6.65,4.65
谷,gu3,4,3.55,6.46,6.58,5.77
骨,gu3,1,3.4,6.76,6.66,6.26
鼓,gu3,3,4.25,5.18,5.77,5.42
固,gu4,6,3.94,4.64,5.42,5.43
顾,gu4,2,4.92,3.75,5.94,4.21
雇,gu4,9,5.18,5.05,6.47,4.87
瓜,gua1,2,2.9,6.67,6.9,6.64
刮,gua1,5,4.38,5.92,6.22,6
剐,gua3,14,6.03,4.74,5.16,4.71
寡,gua3,12,5.74,4.57,4.52,4.93
卦,gua4,10,5.46,4.65,5.65,4.74
挂,gua4,2,3.64,5.74,6.39,6.06
褂,gua4,4,5.22,6.42,5.42,6.3
乖,guai1,5,3.06,4.14,6.23,5.41
拐,guai3,5,4.74,5.1,5.81,6.15
怪,guai4,1,3.81,3.35,6.16,4.68
关,guan1,1,3,6.21,6.63,6.29
官,guan1,4,3.69,5.19,6.57,6.3
冠,guan1,3,4.53,5.97,5.94,4.77
棺,guan1,10,5,6.42,5.55,6.42
馆,guan3,3,4.44,5.84,6.1,6.19
管,guan3,5,3.95,4.15,6,4.71
惯,guan4,5,4.42,3.59,5.26,3.96
掼,guan4,17,5.74,3.06,3.26,2.93
灌,guan4,4,4.75,5.08,5.84,6.32
罐,guan4,6,4.97,6.47,5.77,6.59
光,guang1,2,2.75,6.31,6.87,6.61
广,guang3,2,2.98,4.26,6.53,5.16
逛,guang4,13,5.06,5.24,6.7,6.56
归,gui1,5,3.57,4.84,6.35,5.36
龟,gui1,4,3.59,6.68,6.52,6.64
轨,gui3,6,4.82,6.18,6.39,6
鬼,gui3,5,3.68,3.97,6.52,4.94
柜,gui4,8,3.81,6.43,6.53,6.59
贵,gui4,2,3.85,4.59,6.75,5.55
跪,gui4,3,4.4,6.49,6.47,6.6
滚,gun3,2,4.06,5.03,5.97,6.63
棍,gun4,5,3.85,6.58,6.61,6.7
锅,guo1,5,3.86,6.72,6.26,6.74
国,guo2,1,3.19,4.62,6.83,6.3
果,guo3,1,3.05,6.26,6.65,5.81
裹,guo3,7,4.84,5.78,6.29,5.71
孩,hai2,2,3.03,5.97,6.68,6.56
海,hai3,2,3.23,6.92,6.87,6.64
骇,hai4,13,5.77,2.93,4.28,3.09
害,hai4,2,3.8,4.3,5.84,5.3
酣,han1,13,6,3.15,4.63,4.19
憨,han1,15,5.87,4.73,5.91,5.48
含,han2,7,3.78,4.31,6.45,4.84
函,han2,14,5.53,4.27,5.06,3.82
寒,han2,3,3.82,5.23,6.77,5.94
喊,han3,1,3.53,5.97,6.84,6.63
汉,han4,3,3.49,4.43,6.5,5.12
汗,han4,2,3.25,6.53,6.66,6.67
旱,han4,5,4.26,5.05,6.53,6.33
焊,han4,19,5.63,5.87,6.13,4.87
憾,han4,14,5.53,3.38,5.03,4.29
航,hang2,5,4.47,4.7,5.81,5.54
豪,hao2,9,4.71,3.78,5.58,4
好,hao3,1,2.62,3.55,6.71,6.42
耗,hao4,8,5.36,4.19,5.55,4.71
喝,he1,2,3.03,5.98,6.84,6.64
禾,he2,1,3.13,6.31,6.83,5.53
合,he2,5,3.68,4.51,6.03,4.03
河,he2,1,2.92,6.68,6.87,6.68
核,he2,10,4.49,5.4,6.27,5.38
荷,he2,2,4.28,3.78,3.81,4.03
盒,he2,3,3.51,6.3,6.87,6.48
褐,he4,5,5.06,4.7,5.42,5.81
鹤,he4,6,4.33,6.67,6.35,6.38
壑,he4,15,6.44,5.76,4.55,5.75
黑,hei1,2,3.05,6.21,7,6.76
痕,hen2,7,4.67,4.98,6.13,4.85
狠,hen3,5,4.38,4.66,6.63,5.29
恨,hen4,7,4.29,4.33,6.57,5.71
横,heng2,6,3.72,4.86,5.31,5.37
轰,hong1,6,4.68,4.55,6.16,5.76
哄,hong1,3,4.23,4.97,6.3,6.29
红,hong2,1,2.5,5.76,6.9,6.32
宏,hong2,9,5,3.16,5.16,3.71
虹,hong2,4,4.23,6.22,5.68,6.48
侯,hou2,13,5,4.42,4.77,4.19
猴,hou2,1,3.44,6.73,6.63,6.96
吼,hou3,5,4.58,5.89,6.22,6.29
后,hou4,1,2.85,4.97,6.03,5.06
厚,hou4,2,3.53,5.57,6.03,6.14
呼,hu1,2,3.95,5.45,6.55,5.91
弧,hu2,13,4.97,4.9,6.25,5.44
壶,hu2,7,3.7,6.61,6.63,6.29
湖,hu2,2,3.58,6.81,7,6.58
糊,hu2,6,4.82,3.93,5.59,4.85
虎,hu3,2,3.18,6.95,6.84,6.83
唬,hu3,10,5.06,4.19,4.68,4.75
护,hu4,5,3.92,4.69,6.7,5.1
花,hua1,1,2.59,5.28,5.22,5.45
华,hua2,2,3.33,3,5.75,3.71
滑,hua2,2,4,5.55,6.13,6.44
划,hua4,5,3.87,5.63,6.55,6.24
画,hua4,1,3.18,6.13,6.88,6.42
话,hua4,1,3,5.4,6.94,5.94
怀,huai2,2,3.92,4.1,5.75,4.18
徊,huai2,14,5.97,3.86,4.52,4.04
槐,huai2,5,4.81,6.03,6.16,5.15
坏,huai4,2,3.28,4.43,6.67,6.11
欢,huan1,1,3.56,3.62,6.34,5.36
环,huan2,4,3.81,6.17,6.17,6.26
缓,huan3,5,4.97,4.05,4.84,3.96
幻,huan4,9,4.82,2.65,5.5,4.15
宦,huan4,17,6.17,4.57,5,4.71
唤,huan4,1,4.35,5.15,6.5,5.58
换,huan4,5,4,5.33,6.77,5.67
患,huan4,9,4.87,4.59,6.34,4.48
荒,huang1,6,4.36,4.11,5.52,5.93
慌,huang1,2,4.23,4.72,6.65,5.87
皇,huang2,6,3.92,4.2,6,4.85
黄,huang2,1,2.83,5.44,6.26,6
惶,huang2,13,5.75,3.81,5.13,4.57
晃,huang3,3,4.46,5.08,6.39,5.56
谎,huang3,3,3.95,4.6,6.56,5.71
灰,hui1,2,3.2,4.9,6.47,5.6
挥,hui1,3,4.4,5.56,6.23,6.11
辉,hui1,6,4.63,4.18,5.56,4.32
回,hui2,2,3.13,4.55,6.61,5.18
悔,hui3,6,4.67,4.33,6.32,5.32
汇,hui4,5,4.69,3.33,5.31,3.71
会,hui4,1,2.97,3.41,5.74,4.29
绘,hui4,3,4.08,5.8,6.74,6.09
贿,hui4,18,5.82,4.03,5,4.67
惠,hui4,15,5.46,3.74,5.78,3.81
毁,hui3,6,4.83,4.84,6.17,5.96
昏,hun1,9,4.13,4.68,5.38,5.06
荤,hun1,17,5.72,4.76,5.45,5.61
婚,hun1,15,4.36,5.2,6.65,5.38
浑,hun2,4,4.56,4.25,5.66,5.12
魂,hun2,8,4.9,4.03,6.31,4.81
混,hun4,8,4.28,4.05,6.13,5
豁,huo1,13,5.53,3.78,4.94,3.61
活,huo2,2,3.3,4.26,6.34,4.94
火,huo3,2,2.5,6.87,6.93,6.82
货,huo4,6,4.26,5.88,6.77,5.94
获,huo4,4,4.36,4.22,6.4,4.93
祸,huo4,4,4.49,4.35,6.53,5.56
惑,huo4,3,5.19,3.43,5,4.68
击,ji1,6,3.94,5.19,6.19,5.89
饥,ji1,7,4.44,5.3,6.48,6.3
肌,ji1,5,4.46,6.39,6.06,5.35
鸡,ji1,1,2.67,6.9,6.81,6.63
迹,ji4,3,4.72,4.88,6.13,4.76
姬,ji1,19,6.46,3.83,4,4.36
积,ji1,3,4.33,3.81,5.29,4.46
基,ji1,5,4.15,3.92,5.9,4.24
绩,ji1,5,4.33,3.78,5.39,4.61
稽,ji1,13,5.97,2.75,4.03,3.06
激,ji1,3,4.67,3.43,5.69,4.18
羁,ji1,22,6.31,3.18,4.5,3.44
吉,ji2,11,3.85,3.54,6.32,3.81
即,ji2,6,4.53,1.9,4.22,2.82
急,ji2,1,3.51,4.86,6.37,5.96
疾,ji2,5,4.83,4.7,5.26,4.25
集,ji2,5,4.25,4.03,6.3,4.71
嫉,ji2,8,5.55,4.1,6.48,4.39
辑,ji2,14,5.43,3.7,4.61,3.79
籍,ji2,6,5.36,3.7,5.44,4.29
挤,ji3,3,3.67,5.43,6.13,6.52
脊,ji3,11,5.2,6.08,5.94,5.42
计,ji4,2,3.92,4.3,6.59,4.71
记,ji4,2,3.49,5.05,6.75,5.85
纪,ji4,3,4.4,3.16,4.9,3.39
忌,ji4,10,5.33,3.82,4.84,3.39
技,ji4,3,4.44,4.05,6.52,4.55
济,ji4,5,4.89,2.8,4.23,2.71
寄,ji4,6,4.53,5.48,6.5,5.56
祭,ji4,12,5.31,4.73,5.29,5.14
加,jia1,1,2.83,4.86,6.45,5.71
夹,jia1,6,3.17,5.49,6.33,6.39
佳,jia1,8,4.4,3.42,5.77,4.36
家,jia1,1,2.65,5.56,7,6.8
嘉,jia1,11,5.42,3.38,4.32,3.07
颊,jia2,2,5.15,6.62,5.84,5.58
价,jia4,6,3.91,4.86,6.42,5
驾,jia4,5,4.5,4.64,5.03,4.35
架,jia4,2,4.05,5.84,6.16,5.1
假,jia4,2,3.69,4.38,6.39,5.54
嫁,jia4,7,4.72,5.05,6.13,5.96
奸,jian1,13,5.56,4.3,5.41,5.18
尖,jian1,1,3.24,5.58,5.75,5.94
坚,jian1,4,4.08,4.45,6.25,5.47
歼,jian1,11,5.53,4.51,5.58,5
间,jian1,2,3.67,4.27,4.9,3.75
肩,jian1,2,3.53,6.75,6.43,6.67
兼,jian1,7,5.26,3.05,4.75,3.29
监,jian1,2,4.83,4.74,5.03,4.13
煎,jian1,15,4.56,5.76,6.23,6.04
拣,jian3,5,4.09,5.94,6,6.14
俭,jian3,2,4.55,4.08,6.59,4.68
捡,jian3,3,3.73,6.08,6.66,6.06
减,jian3,6,3.44,4.84,6.7,5.21
剪,jian3,5,3.78,5.73,6.67,6.5
检,jian3,5,4.58,4.82,6.56,4.16
简,jian3,3,3.97,4,6.61,4.59
碱,jian3,15,5.74,6.05,6.1,5.5
见,jian4,1,2.68,5.89,6.97,5.94
建,jian4,4,4.22,4.61,6.17,4.82
剑,jian4,4,4.05,6.73,6.81,6.76
荐,jian4,11,5.7,4.33,6.03,4.13
贱,jian4,12,5.31,3.68,6.22,6
健,jian4,4,4.55,3.82,4.72,3.97
舰,jian4,5,5.18,6.5,5.77,5.42
溅,jian4,5,5.03,5.59,6.34,5.77
践,jian4,13,5.51,3.81,4.9,3.89
鉴,jian4,13,5.14,4.03,5.77,4.57
键,jian4,2,4.89,5.97,5.52,5.43
箭,jian4,5,4.22,6.86,5.97,6.59
江,jiang1,1,3.08,6.55,6.81,6.43
姜,jiang1,18,4.08,5.4,5.97,5.38
浆,jiang1,7,4.78,5.87,6,5.1
僵,jiang1,4,5.33,4.18,4.59,4.59
缰,jiang1,20,5.56,5.83,5.13,5.57
讲,jiang3,2,3.23,5.97,6.9,6.5
奖,jiang3,5,3.44,5.3,6.42,6.19
降,jiang4,3,4.11,5.03,6,5.82
酱,jiang4,3,4.47,6.06,5.27,6.48
交,jiao1,3,3.55,4,6.31,4.45
郊,jiao1,4,4.88,5.08,6.2,5.29
娇,jiao1,7,4.68,3.46,5.22,4.06
浇,jiao1,2,3.86,5.57,6.16,6.25
骄,jiao1,4,4.28,3.6,6.13,5.03
胶,jiao1,5,4.47,5.86,5.29,5.36
焦,jiao1,5,4.95,4.26,4.63,3.97
跤,jiao1,4,4.65,5.03,5.31,4.32
礁,jiao1,6,5.8,5.81,5.13,6
角,jiao3,2,3.33,5.7,6.3,6.41
狡,jiao3,4,5.03,3.76,4.9,4.86
绞,jiao3,11,5.43,4.69,5.41,4.45
脚,jiao3,2,2.83,6.64,6.73,7
搅,jiao3,6,4.59,5.45,6.68,6.39
缴,jiao3,13,5.47,4.7,6.19,5.15
叫,jiao4,1,3.05,5.74,6.78,6.42
轿,jiao4,6,4.59,5.43,5.97,4.97
教,jiao4,2,3.75,4.5,6.63,5.86
窖,jiao4,8,5.31,5.92,4.77,5.82
阶,jie1,6,4.45,4.67,6.16,5.1
接,jie1,2,3.86,4.32,6.5,5.82
秸,jie1,17,5.13,6.71,4.91,5.1
揭,jie1,5,5.03,5.08,6.38,6.17
街,jie1,3,3.6,6.79,6.75,5.97
节,jie2,2,3.49,4.15,5.87,4.53
劫,jie2,11,5.18,5.05,6.31,5.61
杰,jie2,8,4.5,3.55,5.31,3.87
洁,jie2,3,4.03,5,6.61,5.61
结,jie2,2,3.69,4.31,5.45,5.21
竭,jie2,8,5.7,3.44,4.56,3.26
姐,jie3,2,2.53,6.49,6.84,6.89
解,jie3,3,4.28,4.43,6.28,5.24
戒,jie4,4,4.85,4.21,6.06,4.35
借,jie4,2,3.72,5.46,6.7,6.25
巾,jin1,3,2.9,6.08,6.71,6
今,jin1,2,2.83,4.62,6.52,4.1
金,jin1,2,3.11,4.92,5.58,5.36
筋,jin1,3,4.49,6.03,6.19,5.42
紧,jin3,2,3.67,5.2,6.44,6.06
锦,jin3,6,5.38,4.53,5.16,4.15
尽,jin4,3,4.25,3.51,5.06,3.48
劲,jin4,2,3.89,3.84,5.39,4.86
近,jin4,2,3.03,4.67,6.81,5.65
进,jin4,1,3.38,4.9,6.77,5.65
浸,jin4,5,4.87,5.28,6.38,5.68
禁,jin4,6,4.56,3.9,6.1,4.71
京,jing1,2,3.5,4.22,5.84,4.86
惊,jing1,2,4.03,4.78,5.55,5.79
晶,jing1,6,4.23,3.68,5.66,5.03
睛,jing1,2,3.69,5.41,5.55,5.89
精,jing1,3,4.43,3.44,6.16,4.48
井,jing3,2,2.83,6.62,6.37,6.7
颈,jing3,5,4.38,6.68,6.58,5.97
景,jing3,3,3.95,4.45,6.77,5.62
警,jing3,2,4.23,4.41,6.03,5.09
径,jing4,7,5.21,5.35,6.06,5.03
竞,jing4,9,4.83,4.05,5.35,4.39
敬,jing4,2,4.2,3.85,6.29,4.65
境,jing4,4,4.73,4.18,6.41,4.03
静,jing4,3,3.48,4.47,6.84,5.71
镜,jing4,2,4.1,6.82,6.65,6.19
窘,jiong3,11,6.05,4.05,5.81,5.06
纠,jiu1,7,4.97,3.51,5.07,4.29
究,jiu1,2,4.63,3.41,5.63,3.35
揪,jiu1,11,4.95,5.48,6.28,6.12
久,jiu3,4,3.26,4.1,6.68,4.94
酒,jiu3,6,3.46,6.82,6.9,6.91
旧,jiu4,5,3.18,5.38,6.91,5.35
咎,jiu4,18,5.85,3.13,4.75,2.61
救,jiu4,1,3.65,5.38,6.77,6.27
舅,jiu4,2,3.33,6.63,6.55,6.39
居,ju1,2,4.33,4.38,6.27,5.18
拘,ju1,9,5.49,4,6,4.59
鞠,ju1,5,5.51,4.53,5.58,4.62
局,ju2,2,4.17,4.57,5.97,4.86
桔,ju2,13,3.93,6.55,6.38,6.16
菊,ju2,10,4.03,6.74,6.13,6.93
举,ju3,2,3.77,5.53,6.69,6.48
巨,ju4,4,3.56,4.48,6.31,5.76
拒,ju4,12,4.87,4.82,6.47,5.32
具,ju4,5,3.86,3.58,4.55,2.71
剧,ju4,8,4.4,5.36,6.13,5.5
惧,ju4,13,4.97,4.43,6.23,5.56
锯,ju4,5,5.21,5.43,6.13,5.44
聚,ju4,7,4.6,4.9,6.53,5.83
踞,ju4,18,5.58,4.89,4.61,4.39
捐,juan1,13,4.58,5.45,6.47,6.12
绢,juan4,5,4.8,5.85,5.91,5.61
撅,jue1,10,5.97,5.3,4.77,5
觉,jue2,2,3.51,3.88,6.33,4.09
倔,jue2,8,5.15,4.23,5.88,5.13
掘,jue2,7,5.25,5.86,5.55,5.93
厥,jue2,13,6.09,3.97,2.97,3.54
爵,jue2,13,6.08,4.23,4.91,3.26
蹶,jue2,14,6.15,4.88,4.38,4.29
嚼,jue2,8,4.79,6,6.28,5.94
攫,jue2,10,6.68,4.4,4.66,4.24
军,1-Jun,2,3.39,5.8,6.61,5.94
君,1-Jun,6,4.45,4.67,6.45,4.84
菌,1-Jun,2,5.33,5.57,5.84,5.89
俊,4-Jun,7,4.55,4.49,6.48,5.16
郡,4-Jun,13,5.85,5.41,5.5,4.42
卡,ka3,5,3.79,4.97,5.72,4.58
开,kai1,1,2.36,5.65,6.67,6.4
揩,kai1,14,5.33,4.51,4.68,5.32
慨,kai3,10,5.77,3.03,4,3.64
楷,kai3,11,5.18,3.15,4.31,3.74
刊,kan1,14,4.95,3.78,5.53,4.47
坎,kan3,12,4.94,5.25,4.81,4.93
砍,kan3,2,4.28,6.13,6.8,6.3
看,kan4,1,2.73,6.39,7,6.63
慷,kang1,10,5.69,3.03,4.1,3.54
糠,kang1,11,5.46,5.78,5.06,5.44
扛,kang2,2,4.33,5.9,6.65,6.26
抗,kang4,5,4.58,4.74,6.03,4.55
炕,kang4,8,4.75,6.39,5.78,6.33
考,kao3,4,3.8,5.08,6.52,5.26
拷,kao3,10,5.55,5.15,6.25,4.84
烤,kao3,6,4.03,6.13,6.47,6.24
科,ke1,2,4.11,3.56,6.03,4.19
磕,ke1,7,4.93,5.41,5.59,5.52
壳,ke2,2,4.13,6.2,6.41,5.74
渴,ke3,2,3.2,5.74,6.69,6.37
克,ke4,8,3.95,3.25,5.81,4.06
刻,ke4,2,4.17,5.16,6.32,6.29
客,ke4,2,3.55,5.97,6.59,5.74
课,ke4,2,3.24,5.63,6.88,6.42
肯,ken3,3,3.92,3.81,5.52,4.39
垦,ken3,9,4.9,4.6,5.84,4.82
啃,ken3,12,4.45,6.03,6.23,5.65
吭,keng1,10,4.87,4.3,5.7,4.26
坑,keng1,4,4.13,6.51,6.63,6.09
空,kong1,1,2.94,4.35,6.6,5.86
孔,kong3,1,3.63,6.29,6.25,5.61
控,kong4,7,4.69,3.88,5.81,5.24
抠,kou1,13,5.05,5.3,5.47,5.36
口,kou3,2,2,6.25,6.77,6.88
叩,kou4,13,5.1,5.56,5.69,5.34
扣,kou4,9,4.03,5.08,6.25,5.16
寇,kou4,5,5.55,4.74,5.63,3.77
枯,ku1,3,3.87,5,6.48,5.97
哭,ku1,2,2.69,6.11,6.87,6.74
窟,ku1,6,5.43,5.65,5,5.5
苦,ku3,2,3.05,5.45,6.87,6.59
库,ku4,5,4.56,5.73,6.44,5.24
裤,ku4,2,3.61,6.86,6.83,6.67
夸,kua1,3,3.75,4.97,6.81,5.03
垮,kua3,6,5.03,4.89,4.9,4.68
挎,kua4,2,4.92,5.56,5.41,4.84
胯,kua4,12,5.31,6.32,5.31,4.94
跨,kua4,6,4.36,5.51,5.87,6.29
快,kuai4,1,2.94,4.76,6.76,6.48
筷,kuai4,9,3.78,6.79,6.45,6.23
宽,kuan1,1,3.31,4.9,6.81,6.29
款,kuan3,8,5.2,4.95,6.33,5.21
诓,kuang1,17,6.28,3.69,4.16,3.68
狂,kuang2,4,4.19,3.81,6.13,6
况,kuang4,5,4.51,3.49,5.1,2.54
矿,kuang4,4,4.89,5.98,6.13,5.68
框,kuang4,6,4.69,6.37,6.4,5.97
亏,kui1,4,4.08,3.68,5.2,4.04
盔,kui1,10,5.11,6.36,5.45,6.56
窥,kui1,13,5.64,5.05,5.39,6
愧,kui4,3,5.05,4.05,5.63,4.68
捆,kun3,6,4.3,5.59,6.25,5.71
困,kun4,5,3.77,4.67,6.45,5.61
扩,kuo4,7,4.28,4.65,5.94,4.79
阔,kuo4,3,4.53,4.22,6.19,5.14
拉,la1,2,3.19,5.54,6.39,6.26
腊,la4,6,4.76,5,5.56,4.76
蜡,la4,4,4.1,6.46,6.73,5.94
辣,la4,4,3.93,5.97,6.69,6.57
来,lai2,1,2.55,5.15,6.74,5.23
赖,lai4,14,4.95,3.72,5.75,3.74
兰,lan2,2,3.88,5.46,5.66,4.35
拦,lan2,2,3.94,5.78,6.06,6.59
栏,lan2,6,4.63,5.79,6.38,5.65
蓝,lan2,1,3.08,5.46,6.13,5.93
澜,lan2,9,6.03,4,4.72,3.79
篮,lan2,2,3.81,5.81,6.43,6.29
览,lan3,8,4.82,4.63,6.1,5.21
揽,lan3,13,5.17,4.97,5.55,5.5
缆,lan3,10,5.36,5.48,5.25,4.59
懒,lan3,2,4.31,4.54,6.73,5.96
烂,lan4,4,4.03,5.08,5.94,5.16
滥,lan4,10,5.28,3.79,5.78,4.29
郎,lang2,13,4.75,5.59,6.22,4.81
狼,lang2,5,3.54,6.9,6.81,6.64
廊,lang2,7,4.91,6.19,5.45,5.96
朗,lang3,4,4.33,2.98,5.6,4.03
浪,lang4,2,4.03,6.58,6.42,6.23
捞,lao1,2,4.83,5.59,6.25,5.52
劳,lao2,5,3.56,4.08,5.9,4.39
牢,lao2,5,4.23,4.75,5.66,5.29
老,lao3,1,2.75,4.65,6.48,6.26
涝,lao4,15,5.41,4.58,4.78,4.26
烙,lao4,7,5.55,5.31,5.56,4.65
酪,lao4,8,5.64,4.83,5.44,4.26
乐,le4,3,2.86,4.76,5.71,6.37
勒,le4,5,5.72,4.77,5.69,4.42
雷,lei2,1,3.28,6.19,6.13,6.74
垒,lei3,5,5.08,4.88,5.59,5.09
肋,lei4,15,5.31,6.08,6.19,5.12
泪,lei4,2,3.4,6.46,6.67,6.85
累,lei4,5,3.89,4.57,6.52,6.22
擂,lei4,3,5.54,4.97,5.26,5.14
棱,leng2,17,5.08,5.49,5.52,5.43
冷,leng3,3,3.05,5.58,6.87,6.79
愣,leng4,5,4.68,4.79,5.75,5.1
梨,li2,2,3.31,7,6.94,6.7
离,li2,1,3.9,3.92,6.42,5.32
犁,li2,12,4.77,6.31,5.81,5.35
篱,li2,4,5.1,6,5.97,5.42
礼,li3,3,3.67,4.57,6.47,4.96
里,li3,1,2.97,4.54,5.42,4.96
理,li3,3,3.75,3.85,6.1,4.32
历,li4,3,4.25,3.28,4.94,2.87
立,li4,2,3.21,5.38,6.65,5.74
丽,li4,2,3.33,3.59,6.1,4.57
利,li4,3,4.28,3.46,5.59,3.9
例,li4,4,4.51,4.78,6.77,4.35
隶,li4,11,5.5,3.08,4.06,3.21
帘,lian2,5,4.33,6.41,6.83,6.15
莲,lian2,6,4.55,6.25,6.66,6.29
联,lian2,5,4.48,3.69,6.03,4.16
廉,lian2,12,5.21,4.18,6,5.15
镰,lian2,2,5.03,6.49,5.47,5.45
脸,lian3,2,2.88,6.89,6.72,6.77
练,lian4,2,3.69,4.68,6.72,5.76
炼,lian4,8,4.68,4.35,6.1,5.32
恋,lian4,7,4.68,4.33,6.55,5.76
链,lian4,5,5.03,6.18,6.25,5.55
良,liang2,5,3.54,3.5,6.1,4.79
凉,liang2,1,3.46,5.18,6.87,5.91
梁,liang2,5,4.85,5.25,6.25,5
粮,liang2,3,3.79,6.54,7,6.64
亮,liang4,1,3,5.36,6.53,6.44
谅,liang4,8,4.51,3.72,5.58,4.89
晾,liang4,5,4.45,5.79,6.32,5.74
量,liang4,4,4.03,4.24,5.26,4.52
疗,liao2,8,4.78,4.74,6.22,4.65
聊,liao2,8,4.85,5.8,6.84,6.27
僚,liao2,17,6,3.74,5.16,3.32
撩,liao2,7,5.59,5.15,5.88,5.06
燎,liao2,9,5.67,3.58,4.59,3.79
料,liao4,1,4.28,5,5.23,5.18
列,lie4,3,3.86,3.95,5.48,4.43
劣,lie4,10,4.95,4.83,6.31,5.09
洌,lie4,17,6.19,3.43,3.29,3.5
烈,lie4,2,4.38,3.75,6.28,4.91
猎,lie4,4,4.47,5.08,5.68,5.37
裂,lie4,4,4.4,5.51,5.39,5.93
邻,lin2,3,3.55,5.79,6.39,5.42
林,lin2,2,3.28,6.72,6.69,6.1
临,lin2,5,4.5,3.82,5.38,3.97
淋,lin2,2,4.21,5.68,6.34,5.68
磷,lin2,6,6.33,5.77,5.97,4.1
赁,lin4,19,6.21,3.66,4.52,3.68
拎,lin1,8,4.89,5.57,5.71,6.11
灵,ling2,5,4.15,3.63,6.39,5.18
岭,ling3,2,4.29,6.39,6.06,6.41
铃,ling2,2,3.63,6.48,6.94,6.44
棂,ling2,11,6.08,5.43,4.31,3.79
绫,ling2,13,5.31,5.38,4.52,5.04
龄,ling2,5,4.08,4.05,6.1,4.21
领,ling3,2,4.2,4.44,6.09,5.1
令,ling4,4,3.82,4,5.75,4.62
溜,liu1,3,4.83,5.19,6.24,5.57
流,liu2,1,3.64,5.41,6.57,5.93
留,liu2,4,3.51,4.9,6.52,5.35
硫,liu2,6,5.9,5.74,5.69,4.03
瘤,liu2,21,5.47,5.73,5.23,6.33
柳,liu3,2,3.67,6.77,6.06,6.81
龙,long2,4,3.26,5.45,6.77,6.73
笼,long2,6,4.13,6.26,6.16,5.87
聋,long2,6,4.43,5.33,6.57,6.06
隆,long2,7,5.31,3.51,4.65,3.44
拢,long3,8,5.03,4.92,5.66,4.84
偻,lou2,17,5.93,3.46,2.97,3.74
搂,lou3,6,4.87,5.92,6.65,5.97
篓,lou3,5,5.58,5.73,5.22,4.68
漏,lou4,4,4.41,5.58,6.53,6.22
露,lou4,2,4.33,5.43,6,5.29
庐,lu2,7,4.97,4.68,5.28,3.74
炉,lu2,7,3.77,6.51,6.81,5.94
颅,lu2,16,5.67,5.93,5.63,5.47
卤,lu3,21,5.86,4.83,4.55,4.96
陆,lu4,5,4.08,5.77,6.28,5.29
录,lu4,5,4.14,4.46,5.19,4.07
鹿,lu4,2,3.82,6.85,6.61,6.45
禄,lu4,14,5.71,4.43,5.41,3.62
路,lu4,2,3.06,5.56,6.68,6.96
麓,lu4,19,6.08,5.23,4.84,4.19
驴,lu:2,5,3.9,6.87,6.81,6.67
旅,lu:3,3,4.45,4.43,5.81,5.06
铝,lu:3,18,5.38,6.34,6.42,5.45
履,lu:3,8,6.03,4.93,5,4.29
律,lu:4,10,4.33,4.23,5.63,3.71
虑,lu:4,5,5.1,3.83,4.69,3.65
绿,lu:4,1,3.23,5.92,6.75,6.65
卵,luan3,5,5.28,6.23,6.44,6.12
乱,luan4,3,3.74,4.98,6.38,6
掠,lue3,6,5.08,4.3,6.29,5.44
抡,lun1,10,5.19,5.06,5.16,5.75
沦,lun2,12,5.23,3.2,5.34,3.56
论,lun4,3,4.38,4.44,6.47,4.55
捋,luo1,2,6.2,5.31,4.16,4.68
锣,luo2,4,5.06,6.27,5.13,5.82
骡,luo2,14,5.15,6.21,5.63,5.12
螺,luo2,3,4.5,6.25,5.26,5.82
裸,luo3,6,5.63,5.69,4.81,5.75
落,luo4,1,3.67,5.2,6.6,6.15
妈,ma1,1,1.92,6.74,7,6.97
麻,ma2,2,3.72,4.03,5.03,4.46
马,ma3,1,2.35,6.67,6.7,7
骂,ma4,8,3.75,5.95,6.87,6.37
埋,mai2,2,3.85,5.74,6.25,5.74
买,mai3,2,3.23,6.03,6.88,5.77
迈,mai4,2,4.46,4.73,6.32,5.53
麦,mai4,3,3.63,6.56,6.87,6.29
卖,mai4,3,3.26,6.15,6.81,6.06
脉,mai4,8,4.72,5.13,6.34,5.45
瞒,man2,15,4.86,4.62,6.03,4.68
满,man3,2,3.63,4.74,6.61,5.71
慢,man4,2,3.15,5.28,6.71,6.18
漫,man4,1,5.15,3.82,4.91,3.68
忙,mang2,2,3.33,4.62,6.67,6
盲,mang2,12,4.3,5.36,6.13,5.65
蟒,mang3,17,5.88,6.5,5.5,5.45
猫,mao1,1,3,7,6.87,6.56
茂,mao4,3,4.67,3.97,5.58,5.44
冒,mao4,2,4.13,4.05,6.06,5
贸,mao4,9,4.87,3.15,5.09,4.06
帽,mao4,2,3.44,6.83,6.57,6.96
貌,mao4,4,4.28,4.23,6.55,5.26
眉,mei2,3,3.23,6.63,6.37,6.86
媒,mei2,17,5,3.78,5.65,4.57
楣,mei2,13,5.77,4.7,4.23,3.53
煤,mei2,6,4.08,6.92,6.68,6.32
霉,mei2,5,5.23,4.78,5.88,5.15
美,mei3,2,3.08,4.53,6.93,6.42
妹,mei4,3,2.92,6.56,6.87,6.78
昧,mei4,16,5.62,2.65,4.19,3.29
媚,mei4,5,5.43,4.03,6.22,4.52
门,men2,1,2.58,6.89,6.97,6.61
扪,men2,15,6.23,3.82,2.63,3.73
闷,men4,2,4.26,4.63,5.38,5.03
盟,meng2,18,5.84,3.7,5.97,4.44
猛,meng3,5,4.45,4.33,6.47,5.68
蒙,meng3,4,4.72,4.15,6.03,4.88
懵,meng3,15,6.47,3.73,3.87,3.15
梦,meng4,6,3.67,5.19,6.6,6.74
迷,mi2,2,4.1,3.8,6.03,4.32
谜,mi2,2,4.11,5.03,6.13,5.75
眯,mi1,5,4.28,5.53,6.34,5.91
觅,mi4,13,5.49,5.1,6.19,5.19
密,mi4,1,3.94,3.78,5.97,4.89
蜜,mi4,3,3.8,5.5,6.28,5.61
眠,mian2,8,4.5,4.86,5.71,5.29
棉,mian2,3,3.67,6.35,6.74,6.32
免,mian3,6,4.15,3.15,6.3,4.5
勉,mian3,5,4.78,3.72,5.06,3.77
面,mian4,1,2.9,6.5,6.31,5.74
苗,miao2,1,3.31,5.98,6.8,5.71
描,miao2,6,4.06,5.19,6.13,6.41
瞄,miao2,10,4.72,5.19,5.76,5.5
渺,miao3,7,5.56,3.49,4.9,4.57
妙,miao4,2,4.3,4.18,6.31,4.26
庙,miao4,3,4,6.32,5.77,6.74
灭,mie4,2,3.73,4.74,6.25,5.68
民,min2,1,3.2,5.42,6.72,5.19
抿,min3,7,5.86,4.43,4.77,4.64
泯,min3,16,5.86,3.78,4.06,3.78
敏,min3,5,4.42,3.73,4.97,4.21
明,ming2,2,3.13,4.74,6.58,5.06
鸣,ming2,3,4.61,5.19,5.55,5.82
茗,ming2,18,6.37,4.38,4,4.18
铭,ming2,12,5.45,4.13,4.38,3.65
命,ming4,1,3.97,3.86,6.42,5.54
摸,mo1,2,3.65,5.54,6.66,6.55
馍,mo2,14,5.19,6.64,4.94,6.7
膜,mo2,5,5.21,5.5,6.29,4.94
磨,mo2,3,4.45,5.79,6.26,5.9
抹,mo3,8,4.44,5.36,6.19,5.68
末,mo4,5,4.31,4.05,6.09,4.56
沫,mo4,3,4.54,5.78,5.58,5.93
墨,mo4,3,4.44,6.49,5.93,6.68
谋,mou2,6,5.23,4.21,6.39,4.61
母,mu3,5,2.82,5,5.16,5.65
木,mu4,1,3.28,5.3,5.88,5.24
目,mu4,2,2.72,6.53,6.58,6.26
沐,mu4,7,5.18,4.72,5.48,5.61
牧,mu4,2,4.51,3.88,5.13,5.03
募,mu4,18,5.82,4.2,5.72,4.44
墓,mu4,13,4.65,6.69,6.25,5.74
慕,mu4,4,5.18,3.3,5.94,4.56
暮,mu4,8,5.13,5.72,5.88,5.68
拿,na2,1,3.14,5.89,6.79,6.59
内,nei4,5,3.31,4.49,5.61,4.3
纳,na4,13,5,3.94,4.81,3.18
娜,na4,11,4.94,3.46,4.35,3.64
钠,na4,15,6.28,5.83,6.58,4.88
奶,nai3,2,2.64,6.06,6.63,6.57
耐,nai4,3,4.45,3.18,5.03,4.19
男,nan2,4,2.74,5.97,5.87,6.92
南,nan2,1,2.95,5.38,6.77,5.88
难,nan2,2,3.64,3.86,6.47,6.04
挠,nao2,5,4.73,5.67,5.94,5.39
恼,nao3,4,4.33,4.63,5.72,5.53
脑,nao3,2,3.38,6.59,6.9,6.84
闹,nao4,2,3.92,4.98,6.44,6.12
嫩,nen4,4,4.4,4.42,6.28,5.29
能,neng2,2,3.63,3.74,6.58,4.45
尼,ni2,9,4.87,2.85,4.25,3.09
泥,ni2,4,3.08,6.62,6.97,6.64
霓,ni2,22,5.74,4.18,5.31,4.74
拟,ni3,7,5.15,3.15,5.19,3.47
昵,ni4,10,5.67,3.26,4.78,3.13
逆,ni4,12,4.71,3.94,5.16,4.41
匿,ni4,13,5.87,3.75,5.13,4.18
睨,ni4,19,6.24,4.28,4.53,3.85
腻,ni4,6,5.38,4.54,6.19,4.58
拈,nian1,13,5.25,5.49,5.41,5.37
捻,nian3,13,6.09,5.73,4.48,4.89
撵,nian3,14,5.62,5.4,5.69,5.38
念,nian4,2,3.63,5.53,6.63,6.62
娘,niang2,4,3.08,6.77,6.7,6.89
酿,niang4,10,5.51,4.68,6.23,5.35
鸟,niao3,1,2.79,6.9,6.97,6.56
尿,niao4,8,3.28,6.53,6.3,6.32
捏,nie1,5,4.38,5.79,6.09,6.03
孽,nie4,18,6.08,3.79,5.44,3.61
拧,ning2,8,4.44,5.86,5.9,6.36
凝,ning2,6,5.05,4.23,5.97,5.38
妞,niu1,22,4.59,6.1,6.13,5.76
牛,niu2,1,2.5,6.92,6.84,6.6
扭,niu3,4,4.18,5.67,6.31,5.32
农,nong2,1,3.23,5.28,6.77,6.06
浓,nong2,5,4,4.51,6.41,5.65
弄,nong4,2,3.98,4.23,6.5,4.35
努,nu3,5,4.25,3.18,5.59,3.84
怒,nu4,3,4.08,4.86,5.84,6.46
女,nu:3,4,2.28,5.53,6.5,5.9
暖,nuan3,3,3.8,4.87,6.31,5.42
挪,nuo2,11,4.75,5.51,5.68,5.93
诺,nuo4,12,5.05,3.5,5.63,4.13
趴,pa1,3,3.92,5.75,6.65,6.42
爬,pa2,1,3.33,5.7,6.53,6.67
怕,pa4,2,3.23,5.1,6.71,5.48
拍,pai1,2,3.36,5.85,6.53,6.23
排,pai2,1,3.77,4.88,6.25,5.21
牌,pai2,13,4.28,6.16,6.34,5.61
派,pai4,3,4.49,4.38,6.45,5.18
攀,pan1,5,4.95,5.95,6.57,6.03
蟠,pan2,15,6.13,3.05,3.31,2.57
判,pan4,6,4.73,4.13,6.19,5.03
盼,pan4,5,4.1,4.62,6.59,4.45
畔,pan4,7,4.97,5.11,4.97,5.46
旁,pang2,2,3.64,4.77,6,4.29
胖,pang4,2,3.25,5.69,6.88,6.35
抛,pao1,7,4.46,5.9,6.03,5.74
刨,pao2,3,5.08,5.65,5.45,5.79
咆,pao2,12,5.44,4.93,5.28,4.38
炮,pao2,4,3.9,6.59,6.59,5.87
袍,pao2,12,5.21,5.82,6.03,5.82
跑,pao3,2,3.53,6.34,6.91,6.29
泡,pao4,3,3.66,5.33,5.84,5.64
胚,pei1,15,5.89,5.23,5.87,4.74
陪,pei2,6,4.23,5.38,6.56,5.59
培,pei2,4,4.44,3.97,6,4.46
赔,pei2,5,4.56,4.85,6.63,5.32
佩,pei4,5,4.83,4.36,6.06,4.13
配,pei4,7,4.6,3.87,6.19,4.1
喷,pen1,5,4.17,5.49,6.06,6.67
盆,pen2,4,3.25,6.56,6.13,6.85
烹,peng1,18,5.25,5.74,6.06,5.65
朋,peng2,1,3.42,5.27,6.58,5.75
棚,peng2,3,4.55,6.51,6.26,6.19
鹏,peng2,14,4.89,5.22,6.1,5.32
膨,peng2,13,5.42,4.73,5.19,5.46
捧,peng3,2,3.72,5.7,6.78,6.03
碰,peng4,3,3.89,5.72,6.16,6.19
披,pi1,3,3.85,5.68,6.55,6.18
劈,pi1,4,4.98,5.74,6.16,5.58
霹,pi1,12,5.56,3.65,4.65,3.82
皮,pi2,2,3.05,6.38,6.61,6
脾,pi2,7,5.53,5.59,5.19,5.14
癖,pi3,14,5.86,4.17,4.8,4.61
屁,pi4,13,3.58,6.31,6.26,6.56
僻,pi4,5,5.35,4.05,5.16,4.54
骗,pian4,5,4.08,5.08,6.47,6.07
漂,piao1,1,4.37,5.36,5.58,5.61
飘,piao1,2,4.1,4.95,6.52,6.58
瓢,piao2,2,4.53,6.53,5.26,6.62
瞟,piao3,8,5.4,5.51,5.81,5.79
票,piao4,4,3.82,6.61,6.75,5.91
撇,pie1,11,5.03,4.97,5.45,5.29
瞥,pie1,18,6.06,5.41,4.77,6.04
拼,pin1,3,3.67,4.67,6.68,5.97
贫,pin2,4,4.09,4.57,6.63,6.25
聘,pin4,13,5.94,4.95,6.13,5.46
平,ping2,2,2.87,4.85,6.66,4.9
评,ping2,3,4.4,4.82,6.5,4.55
屏,ping2,2,4.95,4.26,4.81,4.39
坡,po1,2,3.83,6.27,6.13,6.43
泼,po1,2,4.1,5.23,6.19,5.87
婆,po2,7,3.55,5.82,6.68,5.62
迫,po4,8,4.75,4.26,5.78,3.87
破,po4,2,3.57,4.86,5.42,5.61
魄,po4,11,5.69,2.95,5.03,4.24
剖,pou1,7,5.59,4.85,6.48,5.59
仆,pu1,13,4.58,5.46,5.32,5.11
扑,pu1,2,3.79,5.45,6.68,5.82
铺,pu1,3,4.47,5.17,4.81,6.11
朴,pu3,2,4.68,3.15,5.63,3.97
普,pu3,6,4.49,3.26,6.09,3.13
谱,pu3,10,5.17,5.57,5.57,5.14
妻,qi1,9,4.21,6.51,6.84,6.85
栖,qi1,5,5.25,4.67,5.5,4.52
期,qi1,3,3.87,3.11,6.32,3.73
欺,qi1,4,4.45,4.33,6.44,4.84
漆,qi1,6,4.63,6.18,6.19,5.71
齐,qi2,2,3.83,4.05,4.75,4.45
奇,qi2,2,3.5,3.79,6.63,5.29
骑,qi2,3,3.8,5.84,6.37,6.7
棋,qi2,10,3.97,6.63,6.81,6.55
旗,qi2,1,3.81,6.54,6.63,6.74
企,qi3,3,4.39,3.78,5.03,4.11
启,qi3,7,4.5,4,6.16,3.58
起,qi3,1,3.31,4.25,6.48,5.56
气,qi4,1,3.22,4.25,6.27,5.46
弃,qi4,9,4.36,4.76,6.2,5.07
汽,qi4,5,3.4,5.95,6.9,5.9
泣,qi4,8,4.45,5.51,6.41,6.19
砌,qi4,8,5.39,5.24,4.94,5.64
掐,qia1,9,4.45,5.51,6.38,5.77
迁,qian1,12,4.21,4.4,6.45,5.09
牵,qian1,5,3.82,5.48,6.55,6
铅,qian1,3,4.43,6.46,6.32,4.94
谦,qian1,7,4.63,4,6.47,4.94
签,qian1,15,5,5.56,6.28,5.65
前,qian2,1,2.86,5.14,5.97,5.36
钱,qian2,2,3.71,6.57,6.73,7
钳,qian2,9,5.18,5,5.44,5.32
掮,qian2,20,6.61,3.83,3.45,3.46
潜,qian2,2,5.18,3.6,4.81,3.74
浅,qian3,3,3.61,4.81,6.13,6
谴,qian3,10,5.91,4.41,5.23,4.57
欠,qian4,8,4.28,4.49,6.47,4.48
歉,qian4,8,4.68,3.95,5.59,4.29
呛,qiang1,14,4.81,5.49,5.48,5.75
枪,qiang1,2,3.53,6.51,6.37,6.85
强,qiang2,4,4.05,3.98,6.78,6
墙,qiang2,1,3.73,6.82,6.77,6.39
樯,qiang2,17,5.97,5.58,4.53,4.52
抢,qiang3,3,3.78,5.78,6.52,6.85
跷,qiao1,3,5.13,4.95,5.56,4.41
敲,qiao1,3,4.16,6.03,6.77,6.69
锹,qiao1,9,5.23,6.11,5.31,4.9
侨,qiao2,12,5.42,3.97,4.55,4.25
桥,qiao2,1,3.42,6.64,6.45,7
瞧,qiao2,3,4.51,5.85,6.71,6.63
巧,qiao3,3,3.67,3.65,6.81,4.71
俏,qiao4,11,4.77,4,5.84,6.07
翘,qiao4,2,4.68,4.92,6.06,5.23
撬,qiao4,5,5.53,5.51,5,5.93
鞘,qiao4,11,5.77,5.25,5.41,4.26
切,qie1,3,3.6,5.15,6.42,5.58
妾,qie4,13,5.61,6.19,6.55,5.65
怯,qie4,12,5,4.26,5.81,4.58
窃,qie4,6,5.38,5.45,6.39,5.68
亲,qin1,1,3.05,3.9,6.58,5.09
侵,qin1,9,4.98,4.79,6.48,4.45
琴,qin2,4,3.82,6.69,6.84,6.79
禽,qin2,8,4.28,5.73,5.9,6.25
勤,qin2,5,4.26,4.36,6.44,4.65
擒,qin2,9,5.64,5.63,6.32,5.62
沁,qin4,6,6.03,3.38,4.41,3.7
青,qing1,1,3.23,4.67,6.03,5.55
氢,qing1,17,6.31,5.05,6.29,4.76
轻,qing1,1,3.48,4.67,6.63,5.65
倾,qing1,6,4.72,4.23,5.94,4.26
清,qing1,1,3.66,4.35,6.9,5.62
情,qing2,2,4.05,3.33,6.94,5.59
晴,qing2,3,3.8,4.74,6.74,5.68
擎,qing2,11,6,4.87,4.88,4.39
请,qing3,1,3.38,3.83,6.9,5.38
庆,qing4,5,3.83,4.44,6.34,4.77
罄,qing4,24,6.63,4.3,3.16,4.14
穷,qiong2,2,3.65,4.79,6.72,5.61
丘,qiu1,7,4.38,6.03,6.03,5.68
秋,qiu1,1,3.2,5.33,6.53,6.18
囚,qiu2,5,4.74,5.45,5.56,5.97
求,qiu2,4,3.41,4.1,6.65,5.06
泅,qiu2,19,6.35,4.62,3.59,3.08
球,qiu2,3,2.95,6.84,6.81,6.77
区,qu1,4,4.1,4.72,6.32,4.61
曲,qu1,1,3.77,5.41,6.74,5.09
驱,qu1,5,5.08,4.75,6.16,5.26
屈,qu1,10,4.69,4.33,6.09,5.15
躯,qu1,5,4.6,6.08,5.97,6.14
趋,qu1,15,5.18,3.92,6,3.55
渠,qu2,4,5.25,6.22,5.52,6.15
取,qu3,3,3.87,5.65,6.72,5.88
娶,qu3,7,4.54,5.6,6.68,6.24
去,qu4,1,2.53,4.78,6.7,5.75
觑,qu4,14,6.61,4.49,3.71,4.61
趣,qu4,3,4.29,3.68,5.97,4.44
全,quan2,2,3.1,3.95,6.48,5.06
权,quan2,3,4.83,3.68,6.13,4.39
泉,quan2,2,3.47,6.44,6.87,6.61
拳,quan2,4,4,6.58,6.53,6.48
犬,quan3,14,3.89,6.75,6.93,6.48
劝,quan4,6,4.03,5.28,6.81,6.19
券,quan4,12,5.49,5.9,6.23,5.15
缺,que1,3,4.29,4.38,5.75,4.88
瘸,que2,8,5.4,5.82,4.66,5.42
雀,que4,1,3.83,6.71,6.41,5.68
裙,qun2,5,3.53,6.7,6.69,7
燃,ran2,6,4.6,5.51,6.19,6.03
染,ran3,4,4.63,5.43,6.58,6.42
嚷,rang3,5,4.82,5.8,6.57,5.38
壤,rang3,8,4.91,6.03,5.19,5.5
让,rang4,1,3.18,4.15,6.55,5.41
饶,rao2,5,5.17,4.3,5.26,4.67
扰,rao3,5,4.73,4.95,6.47,4.97
绕,rao4,3,4.58,4.95,6.13,5.19
惹,re3,3,4.53,4.28,6.59,5.06
热,re4,1,3.18,6.03,6.77,6.85
人,ren2,1,1.86,5.73,7,6.85
仁,ren2,6,4.95,3.13,6.16,5.09
忍,ren3,6,4.25,4.49,6.58,5.39
刃,ren4,15,5,6.34,6.09,5.39
认,ren4,3,3.23,4.36,6.5,4.82
任,ren4,5,4.33,3.43,5,3.68
扔,reng1,2,3.67,6.21,6.81,6.42
绒,rong2,5,4.9,6.18,6.13,5.1
茸,rong2,1,5.03,5,5.31,4.32
荣,rong2,3,4.21,3.28,6.19,4.68
容,rong2,2,4.31,3.59,5.61,3.71
溶,rong2,16,4.93,5.15,6.13,5.52
榕,rong2,7,5.2,5.77,6.13,4.65
熔,rong2,6,5.13,5.15,6.09,5.39
融,rong2,5,4.61,3.92,5.26,4.54
柔,rou2,6,4.34,4,6.4,5.36
揉,rou2,6,4.6,5.85,6.22,6.03
肉,rou4,4,3.05,6.76,6.78,6.63
儒,ru2,13,5.78,4.23,5.88,3.94
乳,ru3,5,4.45,5.71,6.34,5.55
入,ru4,2,2.83,5.24,6.1,5.82
软,ruan3,5,3.38,5.61,6.41,5.65
蕊,rui3,19,5.08,6.18,5.94,5.5
锐,rui4,5,4.39,3.62,5.42,5.3
润,run4,4,4.93,3.92,5.91,4.45
弱,ruo4,7,3.85,4.41,6.66,4.93
撒,sa1,3,4.44,5.1,6.06,5.53
洒,sa3,4,3.97,5.71,6.61,5.65
塞,sai1,4,4.51,5.25,6.06,5.82
腮,sai1,8,5.64,6.38,6.06,5.47
赛,sai4,3,4.05,4.53,6.61,5.65
伞,san3,1,3.03,6.95,6.93,6.52
散,san3,4,4.15,4.58,6,5.15
桑,sang1,6,4.5,6.22,5.35,5.18
嗓,sang3,4,4.38,6.16,6.52,5.48
丧,sang4,7,4.72,4.3,5.13,4.43
骚,sao1,17,5.7,3.59,5.25,4.39
臊,sao1,15,5.6,3.72,4.59,3.9
扫,sao3,1,3.18,6.05,6.63,6.41
嫂,sao3,9,4.68,6.34,6.41,5.87
色,se4,2,3.19,4.59,5.87,5.71
涩,se4,7,5.15,4.38,6.25,5.82
僧,seng1,16,4.7,6.76,6.28,5.84
杀,sha1,2,3.49,6.08,6.77,6.64
沙,sha1,2,3.28,6.5,6.53,6.79
纱,sha1,4,4.53,6.13,6.16,5.5
刹,sha1,8,5.6,4.58,5.09,4.19
砂,sha1,16,4.95,6.03,6.06,5.68
鲨,sha1,4,5.33,6.28,5.81,6.77
傻,sha3,2,3.69,4.78,6.57,6.21
煞,sha4,8,5.75,3.1,4.44,3.29
筛,shai1,12,5.39,5.22,5,5.64
晒,shai4,2,4.2,5.44,6.45,5.74
山,shan1,1,2.3,6.87,6.87,6.7
删,shan1,11,5,5.74,6.56,5.42
杉,shan1,13,5.25,6.21,6.25,5.94
衫,shan1,5,4.05,6.48,6.74,6.33
煽,shan1,19,5.53,4.74,5.81,5.1
闪,shan3,1,3.87,4.82,6.13,5.74
善,shan4,5,3.97,4,6.26,5.32
擅,shan4,15,5.6,2.79,5.72,3.55
鳝,shan4,20,5.78,5.72,5.38,4.58
伤,shang1,2,3.79,4.7,6.29,6.26
晌,shang3,6,5.23,4.13,4.91,3.87
赏,shang3,5,4.74,3.75,5.59,5.38
上,shang4,1,2.18,4.68,5.63,4.32
梢,shao1,2,4.94,5.7,4.81,5.46
烧,shao1,3,3.67,5.92,6.52,6.33
勺,shao2,3,3.39,6.65,6.19,6.56
少,shao3,3,2.54,4.77,6.72,5.23
哨,shao4,2,4.11,6.23,6.07,5.57
赊,she1,11,5.82,4.9,6,5.12
舌,she2,5,2.63,6.89,6.69,6.1
蛇,she2,2,3.17,6.75,6.19,6.85
舍,she3,5,4.03,3.95,5.29,4.21
设,she4,5,4.5,3.57,5.43,4.18
社,she4,5,4.41,4.4,6.67,4.38
射,she4,3,4.28,5.58,6.71,6.44
涉,she4,8,5.61,3.81,5.03,3.89
摄,she4,5,5.49,4.41,5.71,5.14
申,shen1,12,4.41,3.03,5.41,3.55
伸,shen1,2,3.69,5.46,6.26,6.04
身,shen1,1,3.13,5.6,6.73,5.68
绅,shen1,7,5.49,3.72,4.32,4.5
深,shen1,2,3.62,5.1,6.68,6
神,shen2,2,4.14,2.76,5.68,4.56
审,shen3,6,4.64,4.41,5.84,5.15
婶,shen3,6,3.77,6.49,6.13,6.88
肾,shen4,16,5.45,6.57,6.39,6.13
渗,shen4,6,5.73,4.63,6.16,5.82
升,sheng1,2,3.49,5.08,6.65,6.12
生,sheng1,1,2.75,4.05,6.1,4.43
声,sheng1,2,3.2,6.19,6.56,5.77
胜,sheng1,3,3.86,4.05,6.32,5.32
绳,sheng2,4,3.45,6.97,6.44,6.48
省,sheng3,2,3.74,4.6,6.68,5.18
圣,sheng4,7,4.03,3.89,5.06,3.43
盛,sheng4,2,4.15,5.03,6.61,5.12
剩,sheng4,4,4.15,4.28,6.16,4.19
尸,shi1,10,4.31,6.42,6.37,6.52
失,shi1,4,3.36,4.3,6.37,4.64
师,shi1,1,2.95,6.25,6.67,6.27
诗,shi1,5,3.67,6.13,6.94,5.74
施,shi1,2,4.88,3.95,6.42,3.84
狮,shi1,2,3.8,6.76,6.42,6.72
湿,shi1,2,3.53,6.23,6.93,6.27
石,shi2,2,2.62,6.62,6.81,6.1
时,shi2,1,3.31,3.65,6.33,4.64
识,shi2,3,3.61,4.24,6.3,4.79
实,shi2,2,3.67,3.43,5.48,4.04
拾,shi2,3,4.28,5.68,5.94,5.75
食,shi2,3,3.35,5.89,6.42,5.87
使,shi3,2,4.1,3.31,6.35,3.55
始,shi3,2,4.15,3.46,5.16,3.29
驶,shi3,4,4.87,5.21,6.41,5.35
屎,shi3,14,3.64,6.89,6.74,6.58
市,shi4,2,3.44,5.46,6.23,5.46
示,shi4,2,4.25,3.72,6.23,3.74
事,shi4,2,3.33,4.38,6.9,5.25
势,shi4,5,4.7,3.1,6,3.55
视,shi4,2,3.81,5.35,6.62,5.24
试,shi4,3,3.89,4.16,6.33,4.82
饰,shi4,6,4.74,4.14,5.84,5.41
室,shi4,2,3.97,6.21,6.63,5.9
恃,shi4,15,5.93,3.77,5.03,3.45
拭,shi4,12,5.11,5.33,5.03,5.64
是,shi4,1,2.67,3.1,5.91,4.03
逝,shi4,4,5.21,4.15,6.09,5.06
嗜,shi4,16,6.21,3.65,4.78,4.09
誓,shi4,8,5.31,3.78,5.94,4.59
收,shou1,1,3.31,4.88,6.77,5.71
手,shou3,2,2.38,6.9,7,6.94
守,shou3,5,3.75,4.27,5.9,5
寿,shou4,4,4.46,3.65,6.44,4.97
受,shou4,5,4,3.77,6.35,4.03
兽,shou4,7,4.42,5.73,5.77,6.69
售,shou4,14,4.28,5.83,6.8,6.03
授,shou4,5,5.33,4.49,6.34,4.03
瘦,shou4,4,3.75,5,6.6,6.25
书,shu1,2,2.58,6.86,6.91,6.67
抒,shu1,11,5.28,3.25,5.84,4.44
叔,shu1,2,3.08,6.55,6.59,6.13
梳,shu1,9,4.23,6.19,6.45,6.3
淑,shu1,16,5.98,3.38,5.66,3.84
疏,shu1,5,4.97,3.95,4.91,4.24
舒,shu1,3,4.51,4.19,4.87,4.71
输,shu1,3,4.18,4.54,6.56,4.77
赎,shu2,19,5.66,4.45,6.03,5.12
熟,shu2,2,3.75,4.51,6.75,5.81
暑,shu3,2,3.92,5.14,5.74,5.14
署,shu3,10,5.41,3.72,4.84,3.82
鼠,shu3,1,3.13,7,6.74,6.77
曙,shu3,23,5.75,5.21,5.69,4.39
术,shu4,3,3.72,3.54,5.9,3.89
述,shu4,9,4.31,4.54,6,5.39
树,shu4,1,2.92,6.69,6.63,6.93
竖,shu4,3,3.86,5.83,5.58,5.96
恕,shu4,7,5.2,4.33,5.66,4.43
漱,shu4,3,4.65,5.38,6.19,5.48
刷,shua1,6,3.92,6.08,6.87,6.15
耍,shua3,2,4.31,4.95,6.16,5.35
衰,shuai1,11,5.17,3.84,5.26,4.75
摔,shuai1,4,3.85,5.9,6.69,6.27
甩,shuai3,2,4.06,4.97,6.4,6.52
帅,shuai4,15,4.71,4.11,6.5,6.26
拴,shuan1,7,4.8,5.41,5.94,5.13
栓,shuan1,11,5.25,5.8,4.58,5.46
涮,shuan4,22,5.43,5.84,6.35,6.16
霜,shuang1,3,4.29,6.25,5.97,6.33
爽,shuang3,5,4.78,4.46,6.77,5.65
水,shui3,1,2.25,6.81,6.84,6.74
税,shui4,13,5.18,5.49,6.25,5.37
睡,shui4,1,3.22,5.95,6.82,6.58
吮,shun3,6,4.81,5.92,6.1,6.43
顺,shun4,1,4.18,3.74,5.84,4.52
说,shuo1,1,2.77,6.21,7,6.26
烁,shuo4,5,5.36,3.83,4.38,4.15
司,si1,2,4.22,3.32,5.55,3.93
私,si1,4,4.54,3.03,5.25,3.79
思,si1,3,3.72,4.32,6.35,5.57
撕,si1,2,4.6,5.72,6.62,6.41
死,si3,1,3.34,5.05,6.43,6.63
寺,si4,5,4.38,6.1,6.73,6.21
伺,si4,14,5.64,4,5.25,4.29
似,si4,3,4.21,2.63,4.58,3.47
饲,si4,3,4.64,4.89,5.23,5.11
嗣,si4,15,6.37,4.62,3.71,4
松,song1,1,3.85,5.44,4.75,5.03
耸,song3,5,5.05,5.2,6.06,5.44
送,song4,1,3.48,5.15,6.66,6.16
颂,song4,14,4.98,4.1,6.19,4.42
搜,sou1,5,4.67,5.75,6.65,6
馊,sou1,15,5.46,4.48,5.84,5.26
酥,su1,12,5.05,5.1,5.88,4.81
俗,su2,5,4.69,3.56,6.63,4.94
夙,su4,15,6.46,3.16,3.26,2.36
诉,su4,2,4.18,4.79,6.38,4.94
速,su4,5,4.25,4.14,5.26,4.68
塑,su4,3,5.43,4.26,5.5,3.87
酸,suan1,5,3.54,5.97,6.9,6.18
算,suan4,2,3.58,4.92,6.19,5.96
碎,sui4,3,4.37,4.8,5.53,5.71
穗,sui4,4,5.03,6,6.27,5.79
孙,sun1,4,3.53,4.3,6.19,5.36
损,sun3,9,4.75,4.03,5.03,4.43
笋,sun3,2,4.83,6.53,5.71,6.67
嗦,suo1,12,5.44,3.44,3.66,3.29
缩,suo1,6,4.25,5.15,6.28,5
索,suo3,4,5.18,4.1,5.56,4.18
锁,suo3,6,4.08,6.23,6.77,6.24
塌,ta1,5,4.97,5.21,6.03,5.45
塔,ta3,2,4.03,6.66,5.74,6.93
踏,ta4,3,4.21,5.65,6.83,6.06
胎,tai1,9,4.75,5.79,6.48,5.29
抬,tai2,2,3.64,5.76,6.45,6.04
苔,tai2,6,5,5.49,5.71,4.74
坍,tan1,20,6.28,4.24,4.06,4.36
贪,tan1,5,4.23,4.1,6.55,5.74
摊,tan1,2,4.79,4.65,6.03,5.26
滩,tan1,2,5.3,6.26,6,5.35
瘫,tan1,13,5.97,5.08,5.28,4.77
坛,tan2,3,4.25,6.53,5.61,6.26
谈,tan2,3,3.88,5.64,6.75,6.16
痰,tan2,10,4.72,6.18,6.71,6.15
潭,tan2,4,5.11,6.47,6.26,5.32
毯,tan3,3,4.33,4.92,4.29,5.18
叹,tan4,3,4.08,5,5.8,6.19
炭,tan4,8,4.78,6.47,6.42,5.94
探,tan4,5,4.63,4.47,6.31,4.39
汤,tang1,11,3.48,6.62,6.81,6.43
堂,tang2,1,4.08,5.15,6.03,4.5
塘,tang2,3,4.63,5.92,5.61,6.19
搪,tang2,11,5.73,4.05,4.44,3.53
膛,tang2,3,5.23,6,5.59,5.48
糖,tang2,7,3.19,6.69,6.5,6.86
淌,tang3,4,5.17,5.5,5.23,5.82
躺,tang3,3,3.95,6.36,6.68,6.7
烫,tang4,6,4.6,5.49,6,5.65
涛,tao1,6,4.69,5.58,6.34,5.44
掏,tao1,7,4.03,5.69,6.52,6.23
逃,tao2,2,3.67,5.48,6.65,6.39
桃,tao2,2,3.18,7,6.63,6.32
陶,tao2,7,5.08,5.77,5.59,4.58
淘,tao2,2,4.64,4.6,5.91,5.29
讨,tao3,4,4.18,3.58,6.06,4.85
疼,teng2,3,3.49,5.38,6.81,6.44
腾,teng2,4,5.42,4.25,5.97,4.65
藤,teng2,3,5.45,6.61,5.75,6.07
剔,ti1,9,5.28,5,5.29,5.37
梯,ti1,4,3.95,6.58,6.9,5.88
踢,ti1,7,3.83,6,6.59,6.17
啼,ti2,4,4.75,5.56,5.84,5.61
提,ti2,2,3.62,5.95,6.8,5.74
题,ti2,4,3.67,5.89,6.87,5.6
蹄,ti2,3,4.28,6.51,5.48,6.63
体,ti3,2,3.5,4.97,6.47,4.77
屉,ti4,3,4.83,6.14,5.66,5.42
剃,ti4,23,4.44,6.03,5.77,6.11
添,tian1,2,4.38,4.77,6.13,5.03
田,tian2,2,2.7,6.81,6.68,6.55
甜,tian2,4,3.11,5.14,6.6,6.69
填,tian2,8,4.38,5.32,6.52,5.1
腆,tian3,8,6.17,3.49,3.52,3.75
舔,tian3,5,4.58,5.85,6.06,6.29
挑,tiao1,2,4.28,5.55,6.65,5.68
眺,tiao4,4,5.56,5.28,5.38,4.88
跳,tiao4,2,3.18,6.1,6.9,6.94
贴,tie1,5,4.13,5.62,6.48,5.19
铁,tie3,2,4.11,6.26,6.81,6.42
帖,tie4,13,5.05,6.08,6.19,5.15
厅,ting1,6,3.9,6.1,6.74,5.97
听,ting1,1,2.89,5.38,6.9,6.25
亭,ting2,7,4.17,6.05,6.19,6.32
庭,ting2,5,4.18,5.28,6.28,5.18
停,ting2,2,3.62,5.28,6.77,6.15
艇,ting3,2,5.08,6,5.16,6.48
通,tong1,2,3.83,3.74,5.77,4.46
桐,tong2,3,5.11,5.97,5.1,5.5
铜,tong2,4,4.67,6.79,6.53,5.79
统,tong3,6,5,2.84,5.84,3.77
捅,tong3,6,4.68,5.49,6.06,5.55
桶,tong3,8,3.67,6.67,6.81,6.47
筒,tong3,8,4.22,6.16,5.81,6.5
痛,tong4,4,3.33,4.61,6.1,6.46
偷,tou1,1,3.95,5.79,6.57,6.2
头,tou2,1,2.59,6.9,7,6.67
投,tou2,2,4.06,5.46,6.29,5.11
透,tou4,2,4.46,4,5.38,4.71
凸,tu1,13,5.15,5.18,4.84,5.35
秃,tu1,9,4.31,5.49,6.1,6.2
图,tu2,3,3.37,5.14,4.9,5.43
涂,tu2,3,4.39,5.14,5.71,5.64
途,tu2,5,4.64,4.6,6.35,4.56
土,tu3,2,2.22,6.49,6.63,6.48
吐,tu3,3,3.2,5.79,6.59,6.13
兔,tu4,1,2.81,6.86,6.45,7
团,tuan2,2,3.68,5.23,6.41,4.97
推,tui1,2,3.56,6.26,6.86,6.38
腿,tui3,2,3.3,6.82,6.81,6.47
退,tui4,5,3.69,5.53,6.52,6.04
褪,tui4,14,4.93,4.87,5.94,4.32
吞,tun1,2,3.21,6,6.47,6.39
屯,tun2,11,5.23,4.69,4.78,3.24
托,tuo1,3,4.39,4.75,6.22,5.24
拖,tuo1,4,3.74,5.65,6.68,6.15
脱,tuo1,4,3.79,5.7,6.71,6.64
驮,tuo2,3,5.16,5.5,6.47,5.44
妥,tuo3,7,5.18,2.97,4.45,3.53
拓,tuo4,16,5.56,3.5,5.91,3.85
娃,wa2,2,3.31,6.22,6.5,6.41
挖,wa1,3,3.77,5.68,6.71,6.48
洼,wa1,3,5.54,4.77,4.38,4.03
蛙,wa1,1,3.78,6.84,6.56,6.45
瓦,wa3,1,3.34,6.62,5.9,6.85
袜,wa4,2,3.64,6.67,6.93,6.64
歪,wai1,4,3.78,5.19,6.26,6.11
外,wai4,2,2.97,4.38,5.52,4.57
弯,wan1,1,3.78,5.16,5.77,5.68
剜,wan1,13,5.85,5.03,4.81,4.74
湾,wan1,4,4.28,5.17,5.77,5.93
丸,wan2,11,4.1,5.65,6.65,6.42
完,wan2,2,2.74,4.49,6.42,5.64
玩,wan2,1,2.95,5.38,6.91,6.06
顽,wan2,2,4.6,3.87,5.88,4.48
挽,wan3,3,5.08,5.15,6.06,5.38
晚,wan3,1,3.08,4.43,6.68,6.21
碗,wan3,3,3.2,6.58,6.77,6.89
腕,wan4,14,4.95,6.1,6.45,5.41
亡,wang2,6,3.97,4.32,5.68,5.5
王,wang2,2,2.53,4.92,6.73,5.61
网,wang3,4,4.26,6.05,6.78,6.06
忘,wang4,4,3.05,5.1,6.84,5.76
旺,wang4,8,3.94,3.68,6.33,4.86
望,wang4,2,4.18,5.46,6.68,5.61
危,wei1,4,3.82,4.13,6.16,5.41
威,wei1,3,4.74,3.33,5.94,4.23
偎,wei1,6,5.5,4.59,5.39,5.81
微,wei1,1,4.33,3.49,6.22,4.52
围,wei2,3,4.18,5.13,6.19,5.03
违,wei2,8,4.7,3.97,6.28,4.48
伟,wei3,3,3.63,3.46,6.29,4.07
伪,wei3,11,5,3.78,6.06,4.41
尾,wei3,1,3.25,6.29,6.61,6.13
苇,wei3,4,5.23,5.92,5.55,5.89
委,wei3,6,4.69,3.62,4.74,3.36
卫,wei4,2,3.71,4.25,5.44,4.21
味,wei4,3,3.49,4.35,5.87,5.32
畏,wei4,14,5.03,4.62,5.94,4.74
胃,wei4,5,4.03,6.42,6.78,6.5
谓,wei4,8,5.14,3.19,5.16,3.18
慰,wei4,7,5.25,4.56,6.09,4.84
温,wen1,3,3.9,4.54,5.41,4.39
瘟,wen1,17,5.89,4.7,4.68,4.74
文,wen2,2,3.11,3.81,6.48,4.64
纹,wen2,3,4.56,5.18,6,5.62
闻,wen2,3,3.55,6.03,6.68,6.3
蚊,wen2,2,3.78,6.43,6.42,6.86
吻,wen3,2,5.1,6.41,6.42,6.73
稳,wen3,3,4.26,5.08,6.61,6.27
问,wen4,2,2.81,5.89,6.83,6.48
瓮,weng4,19,6.09,5.75,4.94,5.75
涡,wo1,11,5.83,5.24,3.97,4.54
窝,wo1,3,4.09,5.94,5.97,6.74
卧,wo4,4,4.35,6.26,6.59,6.52
握,wo4,2,3.85,6.24,6.74,6.16
乌,wu1,2,3.73,4.42,5.41,4.39
污,wu1,5,4.13,5.21,5.53,5.77
屋,wu1,1,3.28,6.72,6.72,6.42
无,wu2,2,3.17,3.7,5.26,4.54
武,wu3,5,4.2,4.16,5.84,4.68
侮,wu3,10,5.25,3.64,4.97,3.87
捂,wu3,2,4.64,5.38,5.48,5.64
舞,wu3,2,4.19,5.7,6.3,6.37
物,wu4,2,4.08,3.7,6.93,5.41
误,wu4,8,4.18,3.74,5.75,4.35
悟,wu4,9,5.17,3.72,6.23,5
雾,wu4,4,3.97,6.43,6.52,6.85
夕,xi1,7,3.69,4.95,5.52,5.61
西,xi1,2,3.16,4.98,6.61,5.21
吸,xi1,4,3.3,6.03,6.61,6.13
希,xi1,4,4,2.53,4.72,3.65
昔,xi1,7,4.77,3.59,5,3.64
析,xi1,6,5,3.92,6.13,3.42
息,xi1,2,4.4,4.03,5.5,4.52
惜,xi1,4,4.4,3.92,6.52,4.35
稀,xi1,4,3.82,4.3,6.65,5.42
溪,xi1,2,4.06,6.11,6.38,6.54
锡,xi1,13,6.21,5.5,5.66,4.24
熄,xi1,11,4.47,5.53,5.81,5.93
嬉,xi1,6,5.17,4.89,5.13,5.19
膝,xi1,2,3.85,6.66,6.41,6.1
习,xi2,1,3.24,3.4,5.56,3.85
席,xi2,2,3.89,4.97,5.87,5.36
袭,xi2,10,5.2,4.87,6.19,4.9
洗,xi3,3,3.03,5.78,6.77,6.81
喜,xi3,2,3.39,4.57,5.97,5.64
戏,xi4,3,3.97,5.97,6.69,6.3
系,xi4,3,4.33,4.25,6,4.47
细,xi4,2,3.62,4.5,6.61,6.15
虾,xia1,2,3.59,6.74,6.97,6.88
匣,xia2,7,4.79,6.05,6.42,5.71
侠,xia2,15,4.61,4.22,5.39,5.25
峡,xia2,5,4.79,5.53,6.39,5.29
狭,xia2,6,4.92,4.59,5.48,5
瑕,xia2,11,6.14,4.65,4.74,5.04
辖,xia2,17,5.69,3.28,4.68,3.32
霞,xia2,4,4.08,6.31,6.17,6.15
下,xia4,1,2.47,4.86,6.3,5.32
吓,xia4,2,3.56,5.03,6.31,5.96
夏,xia4,2,3.42,5.51,6.74,6.03
仙,xian1,3,3.63,3.92,6.22,4.58
纤,xian1,12,5.22,4.27,4.81,4.57
掀,xian1,5,4.89,5.8,6.45,5.97
鲜,xian1,2,3.95,4.21,6.53,5.19
闲,xian2,5,4.15,4.5,6.71,5.16
弦,xian2,6,4.72,5.7,5.39,5.68
贤,xian2,17,5.3,3.74,4.94,3.94
咸,xian2,14,3.77,5.68,6.74,6.21
舷,xian2,4,5.3,5.87,5.47,4.9
衔,xian2,4,5.33,5.22,5.19,4.93
嫌,xian2,8,4.77,3.75,5.94,4.44
显,xian3,2,4.11,4.16,6.06,4.43
险,xian3,4,4.25,4.31,6.52,4.65
县,xian4,5,3.88,5.74,6.61,5.23
现,xian4,2,3.49,2.2,5.19,3.82
线,xian4,2,3.66,6.44,6.5,6.63
限,xian4,7,4.55,3.42,6.35,3.9
陷,xian4,5,4.95,4.55,5.97,5.59
馅,xian4,13,4.44,6.42,5.71,6.56
献,xian4,2,4.7,4.77,6.44,5
乡,xiang1,1,3.23,5.13,6.87,5.5
香,xiang1,1,3.08,5.68,6.74,6.52
箱,xiang1,6,3.74,6.62,6.77,6.32
镶,xiang1,3,5.67,5.08,6.39,5.47
翔,xiang2,2,5.05,4.45,6.43,5.62
享,xiang3,10,4.93,3.95,6.22,4.65
响,xiang3,2,3.36,4.59,5.65,5.5
饷,xiang3,21,6.13,4.1,4.81,4.35
飨,xiang3,20,6.68,3.34,3.56,2.9
想,xiang3,1,3.15,4.95,6.88,5.87
巷,xiang4,14,4.35,6.24,6.41,6.26
削,xiao1,3,4.5,5.82,6.31,5.71
消,xiao1,2,4.11,3.49,5.94,4.32
销,xiao1,9,4.95,4.46,6.47,4.71
小,xiao3,1,2.2,4.67,6.88,5.32
晓,xiao3,4,4,3.05,5.34,4
孝,xiao4,21,4.35,4.67,6.47,5.29
效,xiao4,6,4.8,3.15,5.84,3.13
校,xiao4,2,3.18,5.73,6.84,5.79
笑,xiao4,2,2.8,6.27,6.84,6.84
啸,xiao4,6,5.56,4.68,5.53,4.85
歇,xie1,6,4.64,5.15,6.22,5.52
蝎,xie1,20,5.58,6.42,5.63,5.13
邪,xie2,15,5.05,4.51,6.06,4.87
斜,xie2,7,3.86,4.92,6,6.26
携,xie2,15,5.78,4.86,5.65,5.64
鞋,xie2,2,3.26,6.88,7,6.61
写,xie3,2,2.87,6.18,6.97,6.26
泄,xie4,5,4.78,4.68,5.61,5.36
泻,xie4,8,4.85,5.5,6.39,5.97
卸,xie4,5,5.06,5.32,5.87,5.43
屑,xie4,11,4.77,5.75,5.84,5.5
谢,xie4,1,3.28,4.56,6.87,5.68
蟹,xie4,7,4.79,6.69,6.57,6.45
心,xin1,1,2.6,5.61,6.68,6.81
芯,xin1,6,4.97,5.15,6.16,5.56
锌,xin1,19,6.46,6.03,5.94,4.19
新,xin1,1,3.46,4.83,6.81,6.12
薪,xin1,13,5.66,5.03,5.74,4.54
信,xin4,1,3.56,5.59,6.09,5.1
兴,xing1,2,3.6,3.26,5.56,4.03
星,xing1,1,3.28,6.76,6.69,6.4
腥,xing1,14,4.73,4.87,6.16,5.13
刑,xing2,10,5.17,4.76,5.97,4.75
行,xing2,1,3.41,4.62,6.13,4.74
形,xing2,3,3.69,4,6.31,4.62
醒,xing3,2,3.7,5.44,6.42,6.06
杏,xing4,4,4.03,6.69,6.38,5.87
姓,xing4,4,3.19,4.78,5.61,4.68
幸,xing4,2,4.23,3.26,6.44,4.03
凶,xiong1,4,3.72,4.88,6.47,6.48
兄,xiong1,3,3.3,6.68,6.83,6.32
胸,xiong1,3,3.89,6.54,6.83,6.73
雄,xiong2,2,4.25,4.19,6.2,4.46
熊,xiong2,2,3.67,6.78,6.39,6.96
休,xiu1,5,4.03,4.11,5.94,5
修,xiu1,4,4.23,4.62,6.33,6.22
羞,xiu1,5,4.03,4.43,5.81,5.56
朽,xiu3,14,4.85,3.79,4.78,4.29
秀,xiu4,4,4.38,3.63,6.22,5.74
绣,xiu4,5,4.73,6.11,6.26,5.16
袖,xiu4,10,3.86,6.69,6.1,6.33
锈,xiu4,11,4.68,5.97,5.75,5.39
须,xu1,2,4.46,3.31,4.13,3.77
虚,xu1,7,4.28,2.57,5.8,4.75
需,xu1,4,4.21,3.13,6.09,4.09
徐,xu2,7,4.7,3.54,5.41,2.97
许,xu3,1,3.67,3.55,5.91,4.03
序,xu4,3,4.46,4.03,6.25,4.53
叙,xu4,13,4.78,4.38,6.34,4.52
绪,xu4,8,5.23,3.47,4.74,3.32
续,xu4,5,5.05,4.05,5.31,3.74
嗅,xu4,8,4.9,5.63,6.39,6.21
蓄,xu4,8,4.97,4.03,5.35,4.54
宣,xuan1,7,4.63,4.38,6.28,4.32
喧,xuan1,5,5,4.59,4.32,4.93
暄,xuan1,22,6.19,3.75,3.97,3.32
玄,xuan2,13,5.09,2.97,4.55,3.21
悬,xuan2,9,4.97,4.97,6.03,5.59
旋,xuan2,4,4.94,5.08,5.83,5.36
漩,xuan2,11,5.5,5.11,4.87,5.54
选,xuan3,5,3.69,4.89,6.3,5.93
癣,xuan3,19,5.92,5.48,5.35,4.88
靴,xue1,8,5.18,6.46,5.58,6.67
穴,xue2,8,4.5,6.25,5.81,6.07
学,xue2,1,2.95,4.5,6.9,6.36
雪,xue3,1,2.69,6.67,6.7,6.96
血,xue4,3,3.49,6.79,6.81,6.7
熏,xun1,9,5.38,4.9,5.81,5.06
寻,xun2,5,3.97,5.49,6.13,5.64
巡,xun2,14,5.03,5.11,5.48,5.11
循,xun2,10,5.26,2.93,5.25,3.5
训,xun4,3,4.59,4.51,6.47,5.26
讯,xun4,9,4.51,4.44,5.71,4.86
逊,xun4,15,5.69,3.54,3.97,3.29
殉,xun4,13,5.88,4.79,5.81,4.61
压,ya1,4,3.43,5,6.45,5.26
押,ya1,5,4.72,4.98,6.06,5.58
鸭,ya1,1,3.21,6.89,6.97,6.62
牙,ya2,1,2.77,6.82,7,6.06
芽,ya2,2,3.85,6.51,6.69,6.36
崖,ya2,5,4.97,6.36,6.38,6.36
衙,ya2,16,5.9,4.73,5.88,4.32
哑,ya3,8,4.49,4.92,5.94,6.07
雅,ya3,7,4.94,3.51,5.97,4.96
亚,ya4,7,4.21,2.63,3.38,3.26
咽,yan1,8,4.5,5.83,5.81,6.04
烟,yan1,2,3.72,6.44,6.87,6.48
淹,yan1,1,4.17,5.24,5.97,6.11
腌,yan1,13,5.36,5.1,5.41,5.13
延,yan2,5,4.69,3.51,5.45,4.43
严,yan2,3,3.74,4.13,6.22,5.26
言,yan2,3,3.42,5.08,6.3,5.57
岩,yan2,4,3.87,6.21,6.47,5.74
炎,yan2,7,4.69,3.23,5.03,4.18
研,yan2,3,4.86,4,5.68,4.18
盐,yan2,5,3.59,6.59,6.9,6.66
筵,yan2,23,6.15,4.8,5.41,3.88
颜,yan2,1,3.95,4.2,5.84,4.74
奄,yan3,11,5.69,3.33,3.41,3.15
掩,yan3,6,4.64,5.24,5.97,6.19
眼,yan3,2,2.94,6.81,6.55,7
演,yan3,3,4.31,5.16,6.35,6.26
厌,yan4,4,4.13,4.38,6.09,5.23
砚,yan4,7,5.72,6.17,5.1,6.18
宴,yan4,6,5.38,5.68,6.52,5.53
艳,yan4,2,4.38,4.54,6.38,5.71
验,yan4,4,4.64,3.92,6.2,4.93
堰,yan4,19,6.05,5.6,5.09,3.91
焰,yan4,12,4.37,6.05,6.03,6.29
雁,yan4,1,3.44,6.78,6.57,6.93
燕,yan4,2,3.03,6.66,6.23,6.89
秧,yang1,9,4.97,6.08,5.26,5.11
扬,yang2,4,4.1,4.23,6.16,5.32
羊,yang2,1,2.38,6.87,6.66,6.76
阳,yang2,2,3.21,4.88,6.73,5.38
洋,yang2,2,3.86,3.22,5.29,4.64
仰,yang3,2,4.28,5.59,5.65,5.75
养,yang3,3,3.61,4.97,6.5,5.79
氧,yang3,7,5.4,5.46,6.63,5.29
痒,yang3,2,4.15,5.53,6.03,6.64
漾,yang4,5,5.22,4.22,4.33,4.59
吆,yao1,8,5.38,4.53,4.91,4.74
妖,yao1,13,4.5,4.48,6.55,5.44
腰,yao1,2,3.78,6,6.5,6.74
邀,yao1,5,5.28,4.92,6.39,4.94
肴,yao2,13,5.55,5.13,5.81,4.61
窑,yao2,5,5.3,6.19,5.69,5.45
摇,yao2,2,3.7,5.68,6.5,6.16
遥,yao2,2,4.48,4.69,6.47,5.81
咬,yao3,2,3.1,6.23,6.72,6.85
舀,yao3,7,4.67,4.68,5.22,5.09
药,yao4,5,3.36,6.54,6.94,6.38
要,yao4,1,2.84,3.88,6.63,5.65
耀,yao4,3,5.25,4.05,5.91,4.45
椰,ye1,7,5.63,6.28,5.03,6.11
噎,ye1,11,5.41,5.08,5.13,4.65
爷,ye2,2,2.48,6.94,6.84,6.53
冶,ye3,8,5.38,3.43,3.19,2.87
野,ye3,2,3.89,3.24,5.84,4.36
叶,ye4,1,3.03,6.82,6.81,6.16
夜,ye4,3,3.21,5.95,6.94,6.52
掖,ye4,19,5.62,4.77,4.69,3.97
液,ye4,5,4.92,5.46,6.71,6.03
腋,ye4,16,5.5,6.28,5.66,5.77
衣,yi1,2,2.29,6.25,6.7,7
医,yi1,2,3.63,5.72,6.3,5.87
夷,yi2,15,5.67,3.49,4.16,3.96
宜,yi2,6,4.67,3.22,4.48,2.89
姨,yi2,2,3.33,6.28,6.93,6.12
贻,yi2,15,6.18,3.92,3.91,2.68
移,yi2,3,4.35,5.78,6.4,6.04
遗,yi2,6,5.31,3.73,5.84,4.71
疑,yi2,3,4.43,4.31,6.19,4.55
蚁,yi3,2,3.58,6.74,6.31,5.97
倚,yi3,12,5.57,5.41,5.42,5.54
椅,yi3,2,3.59,6.85,6.84,6.35
义,yi4,5,4.05,2.35,5.78,3.91
忆,yi4,7,4.31,4.4,6.55,5.09
艺,yi4,5,3.87,3.08,6.28,4.38
议,yi4,4,4.55,4.77,6.44,4.81
异,yi4,5,4.46,3.53,6.06,5.44
抑,yi4,14,5.26,3.58,5.63,4.29
译,yi4,6,5.33,4.95,6.53,4.97
易,yi4,3,3.88,4.28,6.59,4.77
弈,yi4,14,6.23,5.18,4.56,4.55
谊,yi4,9,4.23,3.95,6.44,3.77
意,yi4,3,4.1,3,6.42,3.84
溢,yi4,11,5.42,5.57,5.42,6.15
翼,yi4,6,5.13,6.03,6.45,5.53
阴,yin1,3,3.74,4.3,6.44,5.82
音,yin1,3,3.18,5.36,6.63,5.45
吟,yin2,9,5.23,5.71,5.32,5.89
淫,yin2,14,6.23,3.88,4.94,5.15
银,yin2,2,3.97,6.16,5.81,5.76
引,yin3,3,3.97,3.46,6.3,4.38
饮,yin3,6,4.03,5.76,6.37,6.48
隐,yin3,4,4.75,4.67,5.55,4.58
瘾,yin3,17,5.53,4.15,6.16,4.68
印,yin4,6,4.3,5.36,5.88,5.42
应,ying1,2,3.95,3.21,5.66,3.55
英,ying1,1,3.67,2.93,5,3.52
婴,ying1,10,4.45,5.97,6.61,6.52
樱,ying1,15,4.67,6.27,5.68,6.19
鹰,ying1,2,4.08,6.87,6.77,6.52
迎,ying2,3,4.33,4.62,5.94,5.46
盈,ying2,9,5.35,4.36,4.69,4.29
营,ying2,5,4.54,4.98,6.13,5.26
萦,ying2,20,6.4,3.32,4.72,3.42
蝇,ying2,2,3.8,6.87,6.32,6.23
赢,ying2,6,4.75,4.72,6.41,5.55
影,ying3,2,3.87,5.97,6.87,6.24
映,ying4,4,4.7,4.31,6.03,4.29
硬,ying4,5,3.54,5.5,6.83,6.39
佣,yong1,9,4.78,5.54,5.42,5.39
拥,yong1,2,4.2,5.14,6,5.18
咏,yong3,8,4.49,4.8,5.68,5.06
泳,yong3,4,4.35,5.49,6.19,5.55
勇,yong3,2,3.78,4.22,6.13,5.89
涌,yong3,5,4.79,4.93,6.33,5.76
优,you1,3,3.88,4.31,6.75,4.97
忧,you1,8,4.42,4.27,5.68,5.68
幽,you1,8,5,3.77,5.88,4.81
邮,you2,3,4.3,4.79,6.06,4.87
油,you2,1,3.4,6.25,6.3,6.93
铀,you2,19,6.85,4.94,4.45,4.29
游,you2,1,4.08,5.21,6.7,6.4
友,you3,1,3.05,5.82,6.87,6.27
有,you3,1,2.53,3.95,6.87,4.16
右,you4,2,2.64,6.03,6.63,5.89
幼,you4,5,4.03,4.7,5.73,5.15
佑,you4,11,5.14,3.03,4.8,3.89
诱,you4,5,5.15,3.92,5.88,4.42
釉,you4,19,6.81,4.65,3.58,4.86
予,yu2,13,4.97,3.85,5.34,4.15
鱼,yu2,1,2.86,6.94,6.65,7
渔,yu2,5,4.67,5.75,4.97,5.32
隅,yu2,17,6.2,4.43,4.61,4.39
逾,yu2,14,5.62,4.15,5,3.85
愚,yu2,13,5,4.2,6.29,5.56
榆,yu2,6,5.18,5.92,4.97,3.87
宇,yu3,6,4.18,3.13,5.63,3.79
雨,yu3,1,2.54,6.66,6.9,6.71
语,yu3,2,3.43,4.08,5.16,4.79
玉,yu4,1,3.43,6.5,6.41,6.07
吁,yu4,8,5.61,4.35,4.72,4.24
育,yu4,4,4.46,4.1,6.35,4.5
郁,yu4,7,5.54,3.2,5.63,4.18
狱,yu4,5,4.8,6.21,6.41,5.68
浴,yu4,7,4.7,5.28,5.66,5.71
欲,yu4,4,4.98,3.36,5.31,4.03
喻,yu4,5,5.05,2.8,5.41,3.79
寓,yu4,5,5.25,5.1,6,4.35
御,yu4,7,5.77,3.93,4.75,4.59
裕,yu4,9,5.06,3.7,4.94,3.79
遇,yu4,5,4.13,4.72,6.61,4.87
誉,yu4,8,5.37,3.54,4.35,3.5
冤,yuan1,13,5,4.13,6.23,4.55
园,yuan2,2,3.36,5.7,6.77,5.67
原,yuan2,2,4.13,2.51,5.74,2.71
圆,yuan2,2,3.18,6,6.87,6.47
缘,yuan2,8,5.39,3.19,5.84,4.54
源,yuan2,7,4.81,4.19,5.9,4.79
猿,yuan2,7,4.97,6.71,6.07,6.74
远,yuan3,2,2.98,4.62,7,6.27
苑,yuan4,21,5.85,4.34,5.19,3.48
怨,yuan4,8,4.67,4.49,6,5.64
院,yuan4,3,3.67,5.97,7,6.41
愿,yuan4,3,4.06,3.64,5.65,4.96
曰,yue1,13,5.13,4.72,6.06,4.41
阅,yue4,5,4.4,5.51,6.75,5.45
跃,yue4,6,4.43,5.89,6.13,6.33
云,yun2,2,2.76,6.85,6.87,6.39
匀,yun2,5,4.13,4.05,4.94,4.82
允,yun3,12,4.46,3.88,6.32,4.24
孕,yun4,13,5.43,5.54,6.1,5.55
运,yun4,3,3.9,4.08,6.13,4.81
晕,yun4,7,4.45,5.54,6.55,5.9
韵,yun4,14,5.08,3.8,6.19,4
蕴,yun4,6,5.95,3.28,5.09,3.45
咂,za1,13,5.3,5.41,4.97,4.94
杂,za2,5,4.05,4.23,6.25,5.38
砸,za2,2,4.51,5.54,6.72,5.91
灾,zai1,6,4.16,4.63,6.59,5.97
栽,zai1,3,4.37,5.5,6.52,5.56
宰,zai3,4,4.69,5.11,5.48,6
载,zai3,6,5.08,4.77,6.09,5.13
崽,zai3,11,5.75,5.46,5.19,5.21
攒,zan3,3,5.66,4.97,5.32,5.46
赞,zan4,5,4.35,4.46,6.44,4.97
赃,zang1,16,5.11,5.32,5.19,5
脏,zang4,3,3.46,5.3,6.67,6.73
葬,zang4,10,5.14,5.42,5.52,6.22
遭,zao1,6,4.93,3.59,6.16,3.61
糟,zao1,3,5,4.22,5.35,4.29
凿,zao2,5,5.11,5.53,6.39,6
早,zao3,1,2.78,4.74,6.77,5.23
枣,zao3,9,3.95,6.88,6.81,6.48
澡,zao3,7,3.75,5.5,6.6,6.36
灶,zao4,5,4.36,6.44,5.32,6.39
皂,zao4,3,3.89,6.28,5.58,6.26
造,zao4,3,3.62,4.47,6.62,5.36
择,ze2,3,4.59,4.41,6.43,4.41
泽,ze2,7,4.9,3.46,4.19,3.03
责,ze2,3,4.33,4.03,5.47,4.06
贼,zei2,6,4.53,6.22,6.53,6.63
增,zeng1,6,4.18,4.73,6.61,5.59
憎,zeng1,14,5.35,4.59,5.25,4.35
赠,zeng4,10,4.45,5.05,6.7,6
渣,zha1,4,4.67,5.03,5.42,6.11
扎,zha2,4,3.95,5.08,6.52,5.82
轧,zha2,7,5.54,4.9,5.56,4.74
闸,zha2,8,5.25,6.11,5.42,5.64
眨,zha3,4,4.05,5.69,6.44,6.26
诈,zha4,14,5.36,4.4,5.22,4.74
炸,zha4,3,4.13,5.61,6.42,5.9
榨,zha4,10,5.08,5.43,6.19,5.12
斋,zhai1,15,5.63,4.45,5.28,3.59
摘,zhai1,2,3.97,5.78,6.66,5.79
宅,zhai2,8,4.51,6.74,6.58,6.23
窄,zhai3,3,3.68,5.41,6.68,5.71
债,zhai4,7,5.18,4.87,6.58,4.94
寨,zhai4,5,5.2,6.05,5.69,5.45
沾,zhan1,2,4.69,5.03,5.94,5.09
毡,zhan1,11,5.75,5.7,4.87,5.57
粘,zhan1,5,4.15,5.37,6.03,5.58
瞻,zhan1,11,5.68,4.95,5.75,4.35
斩,zhan3,10,5.15,5.46,6.34,5.16
展,zhan3,4,4.14,4.7,6.27,5.61
辗,zhan3,14,5.92,5.2,5.16,5.06
占,zhan4,6,4.28,4.67,6.48,4.23
战,zhan4,2,3.8,4.84,6.44,5.74
站,zhan4,2,3.23,6.03,6.77,6
绽,zhan4,5,5.58,4,5.09,4.62
蘸,zhan4,3,5.38,5.51,5.56,5.65
涨,zhang3,5,4.69,5.05,5.77,5.82
掌,zhang3,1,3.95,6.32,6.48,6.1
仗,zhang4,2,4.26,4.28,5.81,3.76
帐,zhang4,6,4.47,5.43,5.77,6.3
杖,zhang4,8,4.6,4.81,4.03,6.14
胀,zhang4,6,4.56,5.05,6.13,5.82
账,zhang4,8,4.92,5.2,6.5,5.06
障,zhang4,7,5.13,3.98,4.84,4.91
招,zhao1,2,3.7,4.79,6.71,5.06
昭,zhao1,8,5.5,3.47,4.38,3.1
找,zhao3,1,2.89,5.35,6.4,6.44
召,zhao4,10,4,4.43,5.71,4.18
照,zhao4,2,3.81,4.86,6.27,5.32
罩,zhao4,6,4.68,5.35,6.19,5.91
蜇,zhe1,13,5.97,4.65,5.25,4.44
遮,zhe1,5,4.9,5.95,6.13,5.84
折,zhe2,5,3.9,5.33,6.41,5.55
哲,zhe2,8,5.26,3.03,5.68,3.46
蔗,zhe4,17,4.92,5.73,5.47,4.32
贞,zhen1,15,4.97,2.65,5,3.35
针,zhen1,4,3.43,6.78,6.47,6.58
珍,zhen1,2,4.25,3.22,5.58,3.71
斟,zhen1,15,6.15,5.05,5.94,4.56
臻,zhen1,11,6.49,2.25,2.91,2.62
诊,zhen3,6,4.61,4.75,6.16,5.59
枕,zhen3,11,3.64,5.64,5.53,5.52
振,zhen4,4,4.59,4.38,6.31,5.03
赈,zhen4,23,6.03,3.68,4,3.88
镇,zhen4,5,4.6,5.64,5.97,4.87
震,zhen4,5,4.82,4.84,6.42,5.45
争,zheng1,4,3.82,4.3,6.74,5.68
征,zheng1,5,4.63,3.56,6.45,3.9
怔,zheng1,20,5.89,3.68,4.48,5.04
挣,zheng1,2,4.69,4.54,6.27,4.93
睁,zheng1,2,3.95,5.88,6.8,6.44
蒸,zheng1,4,4.56,5.41,5.29,6.3
整,zheng3,2,4.13,3.63,6.29,4.71
证,zheng4,3,4.23,5,6.87,5.68
政,zheng4,5,4.69,3.24,6.06,3.68
汁,zhi1,6,3.55,6.37,6.77,5.97
枝,zhi1,2,3.69,6.37,6.33,6.37
知,zhi1,2,3.37,3.7,6.4,4.18
织,zhi1,7,4.11,5.32,6.24,5.79
肢,zhi1,2,4.65,6.44,6.32,5.26
执,zhi2,8,4.89,4.32,5.74,3.93
侄,zhi2,16,4.83,6.03,6.47,5.79
值,zhi2,4,4,3.39,5.58,3.96
职,zhi2,6,4.88,4.03,6.28,4.06
植,zhi2,3,4.25,5.26,5.47,4.77
止,zhi3,3,3.56,4.49,5.97,4.86
旨,zhi3,17,5.08,4.22,5.32,3.79
址,zhi3,9,4.68,4.69,6.47,4.35
纸,zhi3,2,3.1,6.95,7,6.53
指,zhi3,2,3.33,5.67,6.6,5.79
趾,zhi3,9,4.47,6.31,5.58,6.48
志,zhi4,3,4.15,3.26,6.45,3.87
治,zhi4,3,4.26,4.15,6.5,4.74
炙,zhi4,8,6.05,5.08,4.59,4.71
质,zhi4,6,4.56,3.38,5.16,3.18
致,zhi4,5,5.15,3.53,5.88,3.52
掷,zhi4,5,5.08,5.69,6.19,5.52
窒,zhi4,18,5.85,3.88,4.75,4.26
智,zhi4,5,4.18,2.98,6,4.85
滞,zhi4,16,5.49,3.7,4.42,3.86
痣,zhi4,14,5.2,6.34,6,5.77
稚,zhi4,6,5.65,3.36,5.81,3.97
置,zhi4,2,4.83,4.79,6.09,3.77
中,zhong1,1,2.67,3.95,6.23,5.09
忠,zhong1,4,4.43,4.31,6.56,5.07
钟,zhong1,7,3.73,6.61,6.66,6.57
肿,zhong3,13,4.48,5.56,5.22,5.35
众,zhong4,3,3.97,4.35,5.69,5.44
重,chong2,3,3.48,5.03,6.66,5.58
州,zhou1,6,3.92,4.62,6.16,4.25
舟,zhou1,4,3.39,6.83,6.13,6.78
诌,zhou1,22,6.08,3.08,3.53,3.47
洲,zhou1,5,4.63,5.46,6.39,5.13
粥,zhou1,11,4.08,6.72,6.78,6.09
轴,zhou2,6,5.1,5.93,6.16,5.88
咒,zhou4,12,5.56,4.03,5.68,5.53
宙,zhou4,6,4.53,3.35,5.84,4
昼,zhou4,8,4.63,6.05,6.48,5.45
皱,zhou4,3,4.9,5.46,6,5.58
朱,zhu1,5,4.56,3.68,5.56,4.59
珠,zhu1,2,3.95,5.68,6.65,6.39
猪,zhu1,7,3.17,6.97,6.6,7
竹,zhu2,1,3.18,6.74,6.34,6.58
主,zhu3,2,3.14,3.16,5.39,3.75
拄,zhu3,19,5.15,4.74,5.41,4.47
属,zhu3,3,4.92,2.75,5.38,3.62
煮,zhu3,6,3.69,5.73,6.1,6.7
住,zhu4,2,3,5.35,6.93,6.15
助,zhu4,2,3.95,3.67,6.09,4.52
注,zhu4,3,4.11,4.25,6.09,5.12
贮,zhu4,8,5.23,4.9,6,4.52
驻,zhu4,8,4.85,4.79,6.28,4.16
柱,zhu4,4,3.95,6.29,6.58,6.06
祝,zhu4,3,3.85,4.05,6.63,4.84
著,zhu4,2,4.9,3.85,5.84,4.74
蛀,zhu4,16,5.1,5.08,5.56,4.91
筑,zhu4,4,4.82,5.33,6.52,5.41
铸,zhu4,3,5.1,5.21,5.81,5.1
箸,zhu4,13,6.51,5.76,4.69,5
抓,zhua1,4,3.5,6.06,6.35,6.56
爪,zhua3,2,3.28,6.49,6.7,6.27
拽,zhuai1,6,5.26,5.33,5.26,6
砖,zhuan1,11,3.73,6.84,6.41,6.48
转,zhuan3,2,3.69,5.38,6.19,6.5
赚,zhuan4,13,4.88,4.49,6.63,5.29
撰,zhuan4,15,6.24,4.21,5.38,4.65
妆,zhuang1,8,4.56,5.32,6.16,5.5
庄,zhuang1,2,3.82,4.45,6.57,4.41
装,zhuang1,2,4.26,5.03,6,5.61
壮,zhuang4,4,4.1,4.88,6.8,5.65
状,zhuang4,3,4.36,3.28,5.44,3.88
撞,zhuang4,5,4.23,5.68,6.5,6.19
追,zhui1,2,3.35,5.53,6.84,6.26
锥,zhui1,13,5.81,6.03,5.1,5.75
坠,zhui4,6,5.08,5.38,6.45,6.12
缀,zhui4,5,5.47,4.3,4.94,4.36
赘,zhui4,20,6.59,3,3.34,3.06
准,zhun3,2,4.18,4.08,5.66,4.35
捉,zhuo1,1,3.69,5.77,6.7,6.06
桌,zhuo1,1,2.97,6.71,6.87,6.88
灼,zhuo2,16,5.68,4.82,5.19,4.61
啄,zhuo2,3,4.53,5.54,6,6.03
镯,zhuo2,21,5.69,6,5.5,5.59
兹,zi1,7,6.26,2.76,3.19,1.97
姿,zi1,5,4.76,3.92,5.06,4.11
资,zi1,4,4.83,4.77,6.06,3.94
籽,zi2,7,4.97,5.63,6.19,5.12
紫,zi3,4,3.73,5.72,6.52,6.23
字,zi4,1,2.83,6.33,6.63,6.71
棕,zong1,2,5.15,5.21,5.44,4.74
踪,zong1,7,5.28,4.06,5.19,3.82
鬃,zong1,4,6.5,5.22,4.29,5.14
总,zong3,2,3.56,3.73,5.65,4.04
走,zou3,1,2.6,6.13,6.87,6.67
奏,zou4,9,5.05,4.82,6.29,4.71
揍,zou4,11,4.39,5.43,5.97,6.56
租,zu1,13,4.95,5.05,6.68,5.68
足,zu2,6,3.28,4.25,5.29,5.04
卒,zu2,16,5.31,4.43,4.47,3.76
族,zu2,4,4.74,4.21,6.61,4.26
阻,zu3,7,4.34,4.5,6.28,5.74
组,zu3,3,3.84,4.51,6.19,4.35
祖,zu3,2,3.85,4.87,6.06,4.61
钻,zuan4,2,4.4,5.36,6.25,5.13
嘴,zui3,3,2.93,6.89,6.72,6.77
罪,zui4,7,4.69,4.33,6.72,5.85
醉,zui4,8,4.78,5.32,5.65,6.04
遵,zun1,6,4.74,3.73,6.19,4.47
昨,zuo2,3,3.15,3.83,5.67,5
左,zuo3,2,2.63,5.03,6,5.42
佐,zuo3,18,5.67,3.13,4.47,3.55
作,zuo4,3,3.53,3.6,6.22,4.76
坐,zuo4,1,2.66,5.84,6.73,6.67
做,zuo4,1,3.13,4.85,7,5.06
Back to the top!,,,,,,