word_french,aoa_mean,aoa_sd,frequency_mean,frequency_sd
acte,9.419354839,2.531096919,4.357142857,1.28277147
âge,4.784204672,1.482514574,5.428571429,1.199647214
aide,5.775,1.68461599,5.071428571,1.438326482
aigle,6.457174638,1.982721058,3.214285714,1.166099635
aigre,10.625,2.374432782,3.035714286,0.881166855
ail,7.884315907,1.603088417,4.214285714,1.166099635
aile,5.498331479,1.748117267,3.821428571,0.983326607
air,6.03003337,2.061422413,4.857142857,1.325373063
aise,10.7753059,2.219173536,3.571428571,1.399168309
algue,7.885714286,2.310396294,2.928571429,0.939998874
ambre,11.5650723,2.551828356,3.071428571,1.385869734
âme,9.954393771,2.521733488,3.5,1.319371343
ample,9.957142857,2.369344446,3.714285714,1.013141168
an,4.810714286,2.276567289,4.928571429,1.438326482
ancre,8.886540601,2.81890698,3.178571429,1.389206313
âne,4.956618465,1.861321071,3.5,1.201850425
ange,6.461624027,1.94383503,4.107142857,1.39680285
angle,8.391546162,1.906976439,3.892857143,1.100144291
août,5.993325918,1.851474275,3.535714286,1.201300001
apte,10.49721913,1.85785169,3.678571429,1.278122797
arbre,3.892102336,1.607107868,4.714285714,1.181873681
arc,6.996662959,1.921021234,3.392857143,1.13330999
arche,9.276974416,2.938070466,3,0.816496581
arme,7.104560623,2.105292869,4.035714286,1.104943198
art,8.402380952,2.196130348,4.214285714,1.286889528
as,7.663095238,2.416656758,3.392857143,1.196887498
asthme,10.19911012,2.825003568,3.142857143,0.890870806
astre,10.2836485,2.472646051,2.75,0.844371342
au,5.569521691,1.690581118,6.892857143,0.314970394
aube,9.276974416,2.76265417,3.25,1.109721353
autre,5.850945495,2.181545275,6.357142857,1.223664373
aux,6.319243604,1.590969137,6.607142857,0.831744517
axe,9.958843159,2.10427113,4,1.217161239
bac,10.13809524,3.626847528,4.142857143,1.458418365
bâche,8.692857143,2.647054316,3.214285714,0.956736074
badge,9.318131257,2.692083176,4.107142857,1.13330999
bague,5.675194661,1.668815819,3.892857143,1.314852075
baie,9.744160178,3.095956433,3.464285714,1.104943198
baigne,6.438095238,2.5179813110000002,3.821428571,1.123933945
bail,13.20595238,3.883504757,3.857142857,1.325373063
bain,4.174638487,1.672034367,4.714285714,1.356933986
baisse,6.713014461,1.814517324,4.714285714,1.436486012
bal,7.640711902,2.306139538,3.678571429,0.983326607
balle,4.032258065,1.787651791,4.642857143,1.311326321
banc,5.319243604,1.50483093,4.571428571,1.03381965
bande,7.884315907,2.601901703,4.75,1.205696356
banque,8.344827586,2.921186973,4.678571429,1.188013325
bar,7.561735261,2.597351836,4.821428571,1.467009339
barbe,5.535038932,1.805010946,3.964285714,1.231745009
barque,7.107142857,2.25908129,3.357142857,1.095928009
barre,6.606229143,2.419010728,4.392857143,1.342724861
bas,5.0378198,1.680373742,5.5,1.170628195
base,8.844047619,2.189053225,4.178571429,1.492042384
basque,12.14431673,3.132147,3.285714286,1.696557361
basse,6.479761905,2.344227442,4.892857143,1.314852075
battre,6.288095238,2.164499358,4.321428571,1.218790275
baume,11.07279693,2.456518422,3.964285714,1.373887236
beau,4.497219132,1.96255265,5.214285714,1.548168401
bec,5.35483871,1.792457315,3.464285714,0.881166855
bêche,9.275862069,3.216337605,2.714285714,0.896790279
beige,6.496106785,1.926610484,3.714285714,1.410467295
bel,7.704115684,2.825764717,3.964285714,1.104943198
berge,10.70411568,2.486955214,3.714285714,1.487158435
bête,4.855394883,1.621097464,4.464285714,1.527092198
beurre,4.822024472,1.392761626,4.107142857,1.663091403
biais,12.41268076,3.781391904,4.821428571,1.467009339
bible,8.428253615,1.945493828,4.25,1.377732974
biche,5.919911012,2.071828448,3.821428571,1.611384761
bien,4.627380952,1.813423764,4.714285714,1.843047855
bière,9.27919911,2.724638676,4.25,1.294575578
bile,11.65714286,2.774265979,4.392857143,2.00627323
bille,5.710789766,1.229564133,3.928571429,1.358882205
bip,8.58452381,3.952156403,3.678571429,1.540888907
bis,9.179087875,2.625761538,3.5,1.261979632
bise,6.419354839,3.142151855,4.642857143,1.66030532
blague,6.456062291,1.978377743,4.321428571,1.415615857
blâme,11.77641824,2.862061818,3.892857143,1.499117906
blanc,5.419354839,7.367029135,5.25,1.205696356
blanche,4.56618465,1.628377384,4.25,1.377732974
blé,6.529477197,2.317302844,4.357142857,1.311326321
blême,12.35833333,2.51181118,4.178571429,1.44154165
bleu,3.81868743,1.315744198,4.285714286,1.272418021
bloc,7.529477197,2.563180148,3.642857143,1.223664373
blond,5.628571429,2.443852245,5.071428571,1.412341671
blues,11.4538376,2.672037602,3.714285714,1.242969648
boeuf,6.458286986,1.716460474,4.642857143,1.520581899
boire,3.957730812,1.892259274,4.892857143,1.571488695
bois,5.459399333,1.814517324,4.785714286,1.343217333
boîte,4.711902113,1.539445508,5.535714286,1.318869967
bol,4.319243604,1.806797202,4.678571429,1.492042384
bombe,7.707452725,2.364613679,4.357142857,1.161553421
bon,4.320355951,1.553352254,5.392857143,1.474205014
bond,7.312569522,2.279407582,3.857142857,1.078898125
bonne,6.175750834,2.586565789,5.821428571,1.415615857
borgne,10.34816463,2.426998678,3.428571429,1.259881577
borne,8.636262514,2.681277179,4.321428571,1.678923187
bosse,6.174638487,2.632305502,3.821428571,1.248808956
botte,5.42269188,2.435401978,3.821428571,1.123933945
bouc,7.278086763,2.351389431,3.821428571,1.656716329
bouche,3.854282536,1.542933946,4.285714286,1.383959506
boucle,6.563959956,2.563180148,3.642857143,1.471061237
boue,5.77753059,2.447293875,4.535714286,1.598196735
bouée,5.601779755,1.946598909,3.571428571,1.03381965
boueux,7.42269188,2.542541274,3.5,0.962250449
bougre,11.64285714,3.393706142,3.214285714,1.031257516
bouille,7.570634038,2.730551955,3.035714286,1.104943198
boule,4.892102336,2.156261201,3.607142857,1.100144291
boum,7.383141762,3.165391671,3.571428571,1.069044968
bourg,9.620238095,3.253468529,3.928571429,1.331347728
bourse,9.817575083,3.338597993,3.892857143,0.994029797
bout,6.248053393,2.574481888,3.785714286,1.44932022
box,11.43095238,3.310727947,3.928571429,1.358882205
boxe,8.13570634,2.694877658,4.142857143,1.580302027
braille,9.716351502,2.98562866,3.035714286,0.83808171
braise,8.355951057,2.385890425,3.321428571,1.156417566
branche,5.318131257,1.802029919,3.5,1.03637545
bras,4.21134594,1.707667717,4.178571429,1.306779231
brasse,6.772619048,1.920548293,3.785714286,1.315354983
brave,9.417130145,2.385439704,4.25,1.578208079
break,11.56618465,3.138727912,3.535714286,0.999338405
brèche,11.03214286,2.32453184,3.392857143,1.065947178
bref,9.03003337,2.591549543,4.75,1.755942292
brève,9.8091133,1.876087534,3.642857143,1.520581899
bride,9.494252874,2.70285381,4.428571429,1.814112811
bridge,11.76500639,2.525242026,3.178571429,1.188013325
brie,8.956349206,2.93198923,3.071428571,0.71639899
brin,7.964404894,2.960674146,3.357142857,1.471061237
brique,6.926585095,2.232217664,3.678571429,1.278122797
bris,10.9484127,2.884688644,3.357142857,1.253566341
brise,8.884315907,2.652651342,3.107142857,0.916486274
broche,8.066740823,2.143758131,2.892857143,0.875141712
bronche,9.994891443,2.559633594,3.357142857,1.061595086
bronze,9.216666667,1.700574616,3.035714286,0.63724772
brosse,5.398809524,2.018591748,4.214285714,1.52405752
brouille,10.11111111,2.693772495,3.214285714,1.343217333
brousse,12.45050056,14.29437065,4.035714286,1.452511053
bruit,4.747497219,1.423308277,4.178571429,1.492042384
brume,8.994438265,2.31079747,3.535714286,1.400585667
brun,6.952380952,2.643578209,4.821428571,1.467009339
brunch,14.60444444,2.939562151,3.107142857,1.165532328
brune,6.63403782,2.666801072,4.535714286,1.574851971
brusque,9.102335929,2.469600116,3.5,1.319371343
brut,9.852057842,2.783206165,3.928571429,1.184109962
brute,8.24137931,2.529822128,3.928571429,0.939998874
bûche,6.849833148,2.523864591,3.607142857,1.227441957
buée,7.388209121,2.048865409,4.071428571,1.08622934
buffle,8.665183537,3.05716152,2.642857143,0.678466993
bulbe,10.54171301,2.877424177,2.928571429,0.662686532
bulle,5.107897664,1.875134404,4.25,1.430488132
bus,6.392658509,1.498386229,5.642857143,1.253566341
buste,9.563959956,2.950123015,3.107142857,0.956044541
but,6.845238095,1.881549862,5.035714286,1.452511053
butte,9.323809524,2.362542951,3.071428571,1.08622934
ça,4.677419355,1.992458901,6.75,0.844371342
câble,9.744160178,2.012861869,4.071428571,1.015749
cache,5.142380423,2.291170523,4.535714286,1.477789712
cadre,7.854282536,2.667204247,4.321428571,1.278122797
cage,6.133481646,2.232217664,3.571428571,1.230133128
caille,9.667408231,3.291892942,3.142857143,1.112697281
caisse,6.426028921,1.958713644,4.428571429,1.259881577
cake,6.958843159,2.561501576,3.821428571,1.055973184
calme,5.857619577,2.140746528,5.142857143,1.177388375
calque,8.174638487,1.82456358,3.392857143,0.875141712
camp,7.625,2.542738139,3.75,1.1426091
cancre,11.52169077,14.55046834,2.928571429,0.662686532
canne,6.42269188,2.06507049,3.464285714,1.137969044
cap,9.178571429,2.690981106,3.428571429,1.199647214
cape,6.494994438,2.090428777,3.25,1.265642861
câpre,12.06878307,3.296623252,2.607142857,1.13330999
car,6.31701891,2.242310636,5.535714286,1.527092198
carpe,8.560622914,3.539941072,2.714285714,0.854493259
carte,5.959955506,1.593670275,4.678571429,1.415615857
cas,7.636262514,2.766932232,5.928571429,1.331347728
case,6.561735261,2.383184821,4.071428571,1.11980724
cash,12.23804227,1.955417069,3.607142857,1.196887498
casque,6.67185762,2.321938382,3.892857143,0.875141712
casse,6.140155729,2.379572565,4.642857143,1.44566493
cause,8.066740823,3.054346454,5.535714286,1.318869967
cave,6.847608454,2.75407811,3.571428571,0.835710894
ce,5.107897664,1.765256081,6.714285714,0.809990528
cèdre,11.15247253,2.687173137,2.821428571,1.278122797
celle,6.957730812,2.512763119,6.071428571,1.537881454
celte,11.13904338,2.822337931,2.714285714,0.896790279
cendre,7.244716352,2.385439704,3.964285714,1.400585667
cent,6.284760845,1.153768952,4.964285714,1.477789712
centre,7.062291435,1.922140384,4.75,1.377732974
cèpe,8.670745273,3.315003365,3.107142857,0.685256682
cercle,6.034482759,1.751190072,4.142857143,1.297127474
cerf,6.383759733,2.276575432,3.071428571,1.015749
certes,11.37708565,3.25510352,5.571428571,1.451144412
cesse,8.210233593,2.270900537,4.321428571,1.44154165
chaîne,7.600667408,2.617558577,4.785714286,1.286889528
chair,8.707452725,2.767320819,3.714285714,1.383959506
chaise,4.031145717,1.795454236,5.5,1.071516751
châle,9.127919911,3.456332819,3.035714286,0.922241346
chambre,3.783092325,1.716460474,5.785714286,1.133893419
champ,5.637374861,1.805010946,3.964285714,1.261455446
chance,6.429365962,1.929399037,5.071428571,1.11980724
change,6.244716352,2.314517066,5.5,1.201850425
chant,6.104560623,2.167700332,4.428571429,1.168366109
chaque,6.510714286,1.950243132,6.642857143,0.9893614
char,8.380422692,2.76265417,2.785714286,0.686221153
charge,9.404761905,2.564120248,4.321428571,1.389206313
charme,9.350389321,2.192362108,4.428571429,1.317364693
charte,12.79948914,2.732309873,2.964285714,0.922241346
chasse,6.245828699,2.109374876,3.571428571,1.103146054
chaste,12.5294772,2.775468574,2.714285714,0.937180281
chat,3.819799778,1.453952714,5.25,1.530553035
chaud,4.033370412,1.328755582,5.357142857,1.12921755
chauffe,6.328571429,2.107458021,4.714285714,1.410467295
chaume,10.60791826,2.212258726,2.75,1.040833
chauve,6.669632925,2.553092159,3.5,1
chaux,11.72286079,2.613436294,2.75,0.645497224
chef,6.389321468,1.81095828,4.464285714,1.426784597
chêne,7.561735261,3.013232466,3.285714286,1.11744228
chèque,9.27919911,2.196282294,4.785714286,0.994694923
cher,6.513904338,15.06287896,5.392857143,1.257254084
chèvre,4.993325918,1.869391253,3.75,1.1426091
chez,5.21134594,1.454692075,6.392857143,0.875141712
chic,9.240266963,2.549298871,4.142857143,1.458418365
chien,3.571746385,1.258946479,4.928571429,1.274495439
chiffre,5.206896552,1.770122406,5.428571429,1.168366109
chine,9.038314176,2.456518422,3.607142857,1.100144291
chiot,6.172413793,2.175622516,3.75,1.530553035
chips,5.604004449,1.546414514,4.142857143,1.268252975
chique,12.10217114,2.400225769,3.428571429,1.372442306
chlore,9.606229143,2.486955214,3.285714286,0.809990528
choc,7.743047831,2.218688947,4.607142857,1.286375491
choeur,10.06451613,2.578655147,3.321428571,1.123933945
choix,6.961067853,2.202149488,5.785714286,1.100745298
chope,11.06451613,3.913582634,3.714285714,1.383959506
chose,5.353726363,1.652629056,5.928571429,1.214985793
chou,5.992213571,2.15576247,3.714285714,0.937180281
chouette,6.27919911,2.467857893,4.071428571,1.303231637
christ,8.953281424,2.122080537,3.107142857,1.100144291
chrome,12.28809524,2.180372213,2.75,1.004618962
chute,6.780867631,2.627399057,4.071428571,1.331347728
cible,7.706340378,2.063507818,3.964285714,1.170063083
cidre,9.858731924,2.426998678,3.107142857,0.628890011
ciel,5.349276974,5.457361606,4.964285714,1.318869967
cierge,8.886540601,2.597351836,2.857142857,0.755928946
cil,6.637374861,2.063507818,4.142857143,1.044005311
cime,9.325,2.916658456,3.178571429,1.218790275
cinq,4.352614016,1.257237114,5.035714286,1.477789712
cintre,7.508333333,2.555363977,3.892857143,1.13330999
cire,8.562847608,2.749388984,3.321428571,1.055973184
cirque,5.245828699,2.140746528,3.285714286,1.049061057
clair,6.740823137,2.321938382,5.285714286,1.329359157
clan,9.245828699,3.293852208,3.857142857,1.380131119
claque,5.288097887,1.889415908,3.928571429,1.358882205
classe,4.921023359,1.865360526,5.464285714,1.346659595
clause,12.7753059,3.009661861,3.035714286,1.07089934
clé,5.285873192,1.465003945,6,1.154700538
clerc,12.24694105,2.841323332,2.642857143,1.12921755
clic,8,2.791613055,4.785714286,1.685606669
clip,10.41935484,2.31079747,4.714285714,1.356933986
clique,9.735714286,3.024041598,4.178571429,1.785820103
cloche,6.102335929,2.228360697,3.642857143,1.12921755
cloître,11.60280971,2.80174119,2.785714286,1.166099635
clone,12.67408231,2.942093469,3.357142857,1.061595086
clope,10.567297,2.766932232,5.75,1.294575578
cloque,9.148809524,3.052227376,3.035714286,0.999338405
clos,9.586904762,2.595531084,3.5,1.201850425
clou,6.599555061,2.07649415,3.607142857,0.994029797
clown,5.527252503,5.286420014,3.392857143,0.994029797
club,8.493882091,1.989758725,4.178571429,1.188013325
coche,9.795657727,3.301738608,3.25,1.109721353
code,8.071190211,1.931070236,4.428571429,1.230133128
coeur,5.494994438,2.18400835,5.25,1.481365736
coffre,6.13570634,2.434960422,3.785714286,0.994694923
coiffe,9.313681869,2.947935308,3.571428571,1.345185418
coin,5.492769744,2.340848114,4.428571429,1.372442306
coing,8.924450549,2.70092087,2.964285714,1.035737092
col,7.52836485,2.612624438,4.035714286,1.452511053
colle,5.706340378,1.981093431,4.571428571,1.168366109
comble,11.06785714,2.6437956,3.357142857,1.223664373
comme,5.283648498,1.606438658,6.75,0.645497224
compte,7.501668521,2.942093469,5.107142857,1.196887498
comte,9.548809524,3.045441289,3.214285714,1.066567456
cône,8.954393771,3.123962193,3.321428571,0.904866326
conte,5.419354839,2.450806319,3.571428571,1.168366109
contre,6.491698595,2.015946281,5.75,1.377732974
coq,4.209121246,1.69185271,3.285714286,0.975900073
coque,8.140155729,2.862813114,3.392857143,1.196887498
corde,5.731800766,1.724925928,4,1.088662108
corne,6.562847608,2.725033294,3.107142857,0.875141712
corps,5.529477197,1.941621094,5.178571429,1.362284884
cote,8.531289911,2.662918137,4.107142857,1.314852075
côte,7.812013348,2.378216554,4.428571429,1.259881577
cou,4.536151279,1.689944963,4.607142857,1.13330999
couche,4.958843159,2.151268693,4.464285714,1.666269794
coude,5.282758621,1.471569652,4.464285714,1.231745009
coudre,7.097886541,2.395784829,3.535714286,0.961562881
couette,6.807142857,2.895894835,5.5,1.232281834
coup,5.604004449,1.524706917,4.892857143,1.39680285
coupe,6.957730812,2.044662603,4.428571429,1.288943622
couple,8.210714286,2.482351499,5.214285714,1.19743995
cour,5.703571429,2.437494474,4.5,1.527525232
courbe,8.953281424,2.402060048,3.75,1.075828707
courge,9.918798665,3.545404416,2.857142857,0.84827868
cours,8.499443826,2.293046994,6.678571429,0.669636243
course,5.708565072,1.997310019,4.535714286,1.231745009
court,5.993325918,2.301004923,5.357142857,1.223664373
coût,9.208008899,2.639240686,4.75,1.294575578
crabe,5.816462736,1.739484536,3.285714286,1.049061057
craie,7.483870968,11.04983822,3.571428571,1.03381965
craindre,12.40934372,20.54870951,4.285714286,1.560084111
crainte,9.103448276,2.366431913,4.178571429,1.218790275
crampe,9.919047619,2.14850924,3.964285714,1.035737092
cran,9.42269188,2.839809171,3.392857143,0.994029797
crâne,7.312569522,2.542118328,4.142857143,1.078898125
crasse,7.716351502,2.836778424,3.714285714,1.242969648
crèche,7.026696329,2.642091058,3.642857143,1.061595086
crème,6.216666667,1.507071454,4.821428571,1.218790275
crêpe,4.964404894,1.538047918,3.857142857,0.890870806
crête,8.997775306,2.528971911,3.321428571,1.055973184
creux,7.552380952,2.2550072,3.892857143,1.39680285
cri,4.816462736,1.79605302,4.571428571,1.259881577
crible,12.74367816,2.344227442,3.071428571,1.214985793
crime,9.42269188,2.449050727,4.214285714,1.19743995
crique,11.70411568,2.741948134,2.857142857,0.931517508
crise,8.350389321,2.967566615,4.642857143,1.223664373
croc,7.745272525,2.551828356,3.285714286,1.329359157
croire,6.278086763,2.421232246,5.357142857,1.471061237
croître,11.03448276,2.620432534,3.678571429,1.467009339
croix,5.815350389,2.259032051,3.142857143,1.297127474
crosse,11.11401099,2.781980947,2.75,1.075828707
croupe,10.03703704,3.807699502,3.321428571,1.248808956
croûte,6.493882091,2.468293564,3.392857143,0.737326789
cru,7.108333333,2.092405534,4.392857143,1.448863813
cruche,8.477380952,2.281610643,3.428571429,1.372442306
crue,9.955952381,3.036369581,3.321428571,1.020296668
crypte,11.67519466,2.377312117,2.535714286,0.881166855
cube,5.17352614,2.639240686,3.75,0.751541625
cuir,8.424916574,2.481761428,4.142857143,1.112697281
cuisse,5.248053393,2.088370255,4.785714286,1.370513363
cuit,6.208008899,2.258079877,5.142857143,1.508354161
cuivre,10.17797553,1.984889152,3.142857143,0.890870806
culte,10.81646274,2.508480241,3.821428571,1.188013325
cure,9.547619048,3.122038827,3.464285714,0.961562881
cuve,9.779755284,2.108355115,3.178571429,1.055973184
cycle,10.10119048,2.335384977,3.857142857,1.268252975
cygne,6.216666667,2.14850924,3.071428571,1.015749
daim,9.498331479,2.975888771,2.892857143,1.13330999
dalle,10.70856507,2.907905428,3.678571429,1.492042384
dame,5.176863181,2.061422413,4.642857143,1.520581899
dans,4.887652948,1.94880719,6.75,0.645497224
danse,5.209121246,1.82456358,4.5,1.170628195
date,5.998887653,1.42557289,5.75,1.205696356
datte,9.345939933,3.209193782,3,0.981306763
de,4.816462736,1.92158089,6.892857143,0.56694671
dé,5.427141268,1.646762872,4.428571429,1.619981057
dent,4.06785317,1.622423516,5.357142857,1.339272487
des,4.644048943,1.557500065,6.928571429,0.377964473
dès,8.165739711,2.495587504,6.214285714,1.257780021
dette,10.47738095,2.235810943,3.571428571,1.103146054
deuil,10.25238095,2.531638877,3.035714286,0.792658109
deux,3.639599555,1.178663358,5.857142857,1.325373063
diable,7.314794216,1.99569429,3.357142857,1.026114055
diète,11.38375973,2.539579171,3.535714286,1.07089934
dieu,7.282536151,1.661713069,4,1.387777333
digne,10.44404762,2.079179768,3.75,1.350582865
dinde,6.846496107,2.540849066,3.892857143,1.342724861
diode,12.81646274,1.85089342,2.75,0.967049733
dire,4.663095238,2.045741301,6.321428571,0.904866326
disque,7.204671858,2.293984654,5,1.539600718
dit,4.355951057,1.535949148,6.642857143,0.678466993
dix,4.352614016,1.430843048,5.392857143,1.547741143
do,7.75083426,2.108865057,3.5,1.503083251
dogme,14.9010989,3.023715784,2.964285714,0.961562881
doigt,3.711902113,1.450250256,5.678571429,0.944911183
dôme,10.77864294,2.813943775,3.464285714,1.55115591
don,9.243604004,2.619611725,4.107142857,1.39680285
donc,6.78865406,1.927726389,6.821428571,0.475594866
donne,4.337164751,2.058862855,5.964285714,1.346659595
dont,7.954393771,2.441134938,6.321428571,0.944911183
dos,4.781979978,2.071828448,5.142857143,1.268252975
dose,8.817575083,2.465678384,4.214285714,0.917207633
douane,11.17130145,2.483060893,3.214285714,0.917207633
double,7.351501669,2.166708023,4.857142857,1.177388375
douche,4.674082314,1.386571543,6.107142857,0.831744517
doué,8.390433815,2.022986188,4.642857143,1.471061237
douille,11.71301446,3.515556824,3.035714286,0.922241346
doute,8.804761905,2.687561814,5.107142857,1.286375491
doux,5.14349277,2.20751405,4.642857143,1.161553421
douze,5.032258065,1.263209771,4.892857143,1.499117906
drame,9.033333333,2.839783058,3.964285714,1.07089934
drap,8.207142857,13.22588893,4.928571429,1.358882205
drogue,10.91546162,2.218688947,4.285714286,1.181873681
droit,6.810901001,2.669219208,5.5,1.374368542
droite,5.705228031,1.728943987,6.178571429,0.983326607
drôle,6.243604004,2.462187156,5.285714286,1.301200097
druide,8.741935484,2.501612383,2.785714286,0.832539304
du,5.0756396,1.833382209,6.464285714,1.231745009
dû,9.84047619,2.968028875,4.678571429,1.634207735
duc,9.955300128,2.554817723,2.821428571,1.123933945
duel,9.027808676,2.072347378,3.392857143,0.737326789
dune,8.745272525,2.403849959,2.785714286,0.738223235
duo,9.438095238,1.837039097,4,1.276569477
dupe,15.12013348,20.08626557,3.321428571,0.944911183
dur,5.21547619,2.008316044,5.5,1.452966315
eau,3.640711902,1.118755068,6.678571429,0.818923025
elfe,10.51547619,2.750339582,2.892857143,0.831744517
elle,4.426028921,1.517638233,6.928571429,0.262265264
en,5.532814238,1.929399037,6.857142857,0.356348323
encre,6.494994438,1.539445508,4.5,1.261979632
entre,5.586904762,1.941974348,6.464285714,0.692934867
est,5.335714286,1.868061876,6.535714286,1.318869967
et,3.997775306,1.69185271,6.964285714,0.188982237
être,5.784204672,2.048865409,6.464285714,0.83808171
eux,5.886904762,2.001436266,6.321428571,0.983326607
fa,8.002298851,2.116166562,2.892857143,1.13330999
fable,7.174638487,2.159251165,3.25,0.887151079
fac,12.81423804,2.108355115,6.464285714,0.881166855
face,7.031145717,1.938295449,5.214285714,1.166099635
fade,10.53058954,2.764988479,3.714285714,0.975900073
faible,7.472619048,2.254242488,4.75,1.350582865
faille,10.88214286,2.588435821,3.428571429,1.317364693
faim,4.244716352,1.738866273,6.607142857,0.875141712
faire,4.853170189,1.896799795,6.428571429,1.168366109
fait,5.815350389,2.690085341,6.535714286,0.881166855
fan,9.777011494,2.080008842,4.678571429,1.540888907
faon,6.670745273,2.173149936,2.678571429,0.862965234
farce,6.890989989,2.267109381,3.5,0.745355992
fard,10.91502463,2.305487136,3.428571429,1.525792361
faune,9.492769744,2.979860717,3.071428571,0.899735411
faute,5.711902113,1.141589158,5.357142857,1.19301317
fauve,8.397619048,2.609443504,2.928571429,0.857583661
fax,11.63626251,2.392191599,3.75,1.322875656
fée,4.994438265,1.655229575,3.25,1.040833
feindre,12.13809524,2.921186973,2.857142857,1.044005311
feinte,11.06340378,2.557300324,3.464285714,1.261455446
femme,5.459399333,1.700727232,5.857142857,1.325373063
fendre,9.846496107,2.884888325,3.5,1.138550085
fente,8.457174638,2.337630452,3.535714286,1.137969044
fer,7.180200222,2.578238125,3.75,1.004618962
ferme,5.028921023,2.237510137,4.357142857,1.725930468
fête,5.824249166,2.022454593,5.035714286,1.231745009
feu,4.852057842,1.773763389,4.714285714,1.329359157
feuille,4.781979978,1.557500065,5.821428571,1.020296668
feutre,4.518353726,9.203201874,4.107142857,1.065947178
fiable,11.27697442,2.483060893,4.107142857,1.030615987
fibre,11.2458287,1.978921179,4.035714286,1.346659595
fiche,7.959955506,2.31079747,5.25,1.456149158
fier,8.139043382,2.42877021,4.5,1.261979632
fièvre,6.36547619,1.715715058,3.607142857,1.165532328
figue,9.312569522,2.594037829,3.214285714,1.031257516
fil,5.708565072,1.785846385,4.464285714,1.318869967
file,7.385984427,2.561501576,4.214285714,1.257780021
fille,3.998887653,1.378014779,5.892857143,1.030615987
film,5.707452725,1.895098375,5.392857143,1.448863813
fils,5.641824249,1.646762872,5.178571429,1.123933945
filtre,9.098998888,2.445975408,4,1.088662108
fin,5.212458287,1.439832726,5.392857143,1.342724861
fiole,10.61785714,2.628097516,2.678571429,0.669636243
firme,13.10122358,3.151036696,3.214285714,1.100745298
fisc,14.05952381,2.617360257,3.035714286,1.035737092
fixe,8.402380952,2.211776214,4.678571429,1.278122797
flair,9.350389321,2.491275098,3.357142857,0.9893614
flamme,6.206896552,2.265686062,3.964285714,1.137969044
flan,6.857619577,2.883769934,3.535714286,0.999338405
flanc,9.958843159,3.487304163,3.321428571,0.862965234
flaque,5.463848721,2.218688947,3.785714286,0.875897121
flash,8.640711902,2.526845115,4.071428571,1.11980724
flasque,11.72030651,3.180141584,3.214285714,1.100745298
flèche,6.213095238,2.341283664,3.428571429,0.920087412
flemme,10.40357143,2.423306376,5.178571429,1.516662306
fleur,4.139043382,1.353609273,4.821428571,1.306779231
fleuve,7.283648498,1.856693789,3.535714286,0.999338405
flot,8.920238095,2.699723272,2.964285714,0.881166855
flotte,7.896551724,3.237708854,3.75,1.174576362
flou,8.320238095,2.645534081,3.964285714,1.104943198
fluide,11.33716475,2.568279407,3.857142857,1.177388375
flûte,6.739285714,2.019730265,3.642857143,1.253566341
flux,12.43214286,2.454411932,3.75,1.236033081
foi,8.927380952,2.220334447,3.892857143,1.227441957
foie,8.432703003,2.566952924,3.714285714,1.212806444
foin,6.674082314,2.013929984,3.464285714,0.922241346
foire,7.46051168,1.81747787,3.428571429,0.959497223
fois,5.780867631,2.214322878,4.785714286,1.750283424
folk,13.14048531,3.039963702,4.75,1.993043457
fond,6.637374861,2.095566236,3.928571429,1.385869734
fondre,7.172413793,2.352303835,4.642857143,1.311326321
fonte,10.60066741,3.12808987,3.285714286,0.937180281
foot,6.065628476,1.578075594,3.821428571,1.334820599
force,6.492769744,2.268531807,4.857142857,1.380131119
forge,9.599555061,2.319158171,3.857142857,1.268252975
forme,5.998809524,2.385058856,3.928571429,1.585316219
fort,4.856321839,1.683250823,5.5,1
fosse,9.957142857,1.882771252,4.285714286,1.560084111
fou,6.244716352,1.850312383,4.178571429,1.362284884
foudre,7.482142857,1.960823191,4.25,1.481365736
fouet,7.496106785,1.70640791,3.357142857,1.061595086
fougue,11.6547619,2.951718767,3.392857143,1.13330999
fouille,8.210233593,2.454313736,3.571428571,1.03381965
fouine,8.478571429,2.799014605,3.214285714,0.956736074
foule,7.529477197,2.259032051,3.857142857,0.970463261
four,5.31701891,1.869391253,4.75,1.109721353
fourbe,12.3202381,2.525502112,3.964285714,1.621205378
fourche,7.427141268,1.960908282,3.464285714,1.201300001
frais,7.242491657,3.038463109,3.928571429,1.561778934
fraise,4.318131257,2.077011915,4.535714286,1.426784597
franc,8.218020022,3.091785857,4.178571429,1.218790275
frange,7.136818687,2.738416464,4,1.305260014
frappe,6.741935484,2.755249145,4.5,1.232281834
fraude,12.07142857,2.171240593,4,1.247219129
frein,6.994438265,2.437167402,4.071428571,0.978607152
frêle,11.56832695,2.967392579,3.571428571,1.168366109
frère,4.385984427,1.681653053,4.357142857,1.61507449
fresque,10.9202381,3.359837161,4,1.699673171
frise,7.442857143,2.143152689,3.035714286,0.83808171
frite,5.141268076,1.55680953,3.75,1.004618962
froid,4.315906563,1.881431621,5.178571429,1.248808956
front,5.066740823,2.448611632,4.75,1.578208079
frousse,8.544047619,2.648139664,4.071428571,1.303231637
fruit,7.057842047,11.21126546,4.392857143,1.707050428
fugue,10.42157953,1.820433601,4.285714286,1.410467295
fuir,7.889877642,2.257127302,3.785714286,1.315354983
fuite,7.641824249,1.909230549,3.928571429,1.245096201
fût,10.69761905,2.582879085,4.142857143,1.238705588
gag,8.815350389,2.799385493,3.642857143,1.223664373
gage,7.783092325,2.877424177,3.214285714,0.875897121
gai,7.846496107,3.053290134,4,0.942809042
gain,9.780867631,2.388142753,4.035714286,1.07089934
gaine,10.99404762,2.792642221,2.928571429,1.152407188
gamme,9.253571429,2.85693349,3.857142857,1.044005311
gang,11.44047619,1.768173289,3.392857143,1.030615987
gant,5.352614016,1.995155423,3.5,0.881917104
garde,6.853170189,2.337630452,4.5,1.347150628
gare,6.588095238,2.161310799,4.75,1.040833
gauche,5.636262514,1.767082524,6,1.054092553
gaufre,6.210233593,2.521307051,3.464285714,1.261455446
gaz,7.713014461,2.586981468,4.035714286,1.104943198
gel,7.705228031,2.766932232,4.357142857,1.19301317
gendre,10.38709677,2.929273828,3.714285714,1.272418021
gène,11.35150167,3.166694963,4.357142857,1.311326321
gêne,9.807142857,2.799014605,4.285714286,1.410467295
genre,8.607341491,2.092485274,5.357142857,1.41981443
gens,5.847608454,2.262361503,5.785714286,1.474653578
gerbe,10.99221357,2.813179428,3.464285714,1.231745009
germe,10.65238095,2.778406059,3.214285714,1.031257516
geste,6.995238095,2.063364065,5.142857143,1.55668893
gifle,5.427141268,1.838068177,3.714285714,0.975900073
gîte,10.73333333,1.888866351,3.142857143,0.84827868
givre,9.385984427,3.02676235,3,0.816496581
glace,4.424916574,1.620434032,4.464285714,1.07089934
glaive,10.49333333,2.759598633,2.464285714,0.692934867
gland,8.568409344,2.942458923,3.392857143,1.065947178
glande,12.36428571,1.864366399,3.857142857,1.238705588
glauque,13.02892102,2.757979625,3.5,1
glisse,6.391546162,2.640055392,3.857142857,1.145499591
globe,7.817857143,1.748891274,3.357142857,1.223664373
gloire,9.775305895,2.263786912,3.785714286,0.956736074
glotte,12.06868132,3.270033898,2.571428571,1.069044968
goinfre,8.420178799,2.819268675,3.928571429,1.412341671
golf,8.882091212,2.202637715,3.035714286,0.881166855
golfe,10.65238095,2.740920225,3.392857143,1.474205014
gomme,5.706340378,2.063507818,4.607142857,1.13330999
gond,11.325,3.111159003,2.75,1.040833
gorge,5.746384872,2.042031457,4.428571429,1.230133128
gosse,7.426028921,2.601901703,4.571428571,1.596954774
gouffre,9.639599555,2.540849066,3.321428571,1.020296668
gourde,7.459399333,2.022986188,3.464285714,1.170063083
gousse,9.997619048,2.347901974,3.178571429,1.090483122
goût,5.56618465,1.910919387,5.107142857,1.370030703
goutte,6.313681869,1.98921825,4.571428571,1.168366109
grâce,8.775305895,2.755249145,5.607142857,1.547741143
grade,10.70189099,2.787452685,3.25,0.967049733
grain,6.389321468,2.036230969,3.714285714,0.854493259
graine,5.848720801,1.94383503,3.5,0.962250449
graisse,8.066666667,2.046583921,4.571428571,1.199647214
gramme,8.100111235,2.119038126,4.678571429,1.248808956
grand,4.068965517,1.712697677,5.535714286,1.290482048
grange,7.209121246,2.862813114,3.285714286,0.937180281
grappe,7.692857143,2.567703925,3.464285714,0.881166855
gras,7.032258065,2.20507723,4.857142857,1.007905261
gratte,5.923248053,2.753297144,4.535714286,1.346659595
grave,6.17352614,2.359150567,5.5,1.478237188
gré,11.34355045,2.671229676,3.321428571,1.278122797
grec,9.623809524,1.736689942,3.107142857,1.100144291
greffe,11.74082314,2.501612383,3.571428571,0.878912267
grêle,7.701190476,2.73525304,3,0.7200823
grès,12.32261905,2.760351469,3.392857143,1.39680285
grève,10.38598443,2.574481888,4.107142857,1.165532328
griffe,5.674082314,1.946598909,3.928571429,1.08622934
grill,9.245238095,3.093188661,3.535714286,0.999338405
grille,7.208008899,2.469600116,4.035714286,1.104943198
grippe,7.171301446,2.316374624,3.678571429,0.983326607
gris,4.853170189,1.692488147,4.642857143,1.28277147
grogne,8.029761905,3.174068784,3.464285714,1.201300001
gros,4.713014461,1.640875717,5.392857143,1.227441957
grotte,7.003337041,2.181052326,3.142857143,1.177388375
groupe,6.314794216,2.24710088,5.428571429,1.168366109
grue,7.106785317,2.586565789,3.214285714,0.956736074
guêpe,5.637374861,2.063507818,3.178571429,0.722832465
guère,10.17738095,2.51181118,3.75,1.377732974
guerre,6.925472747,2.099154976,4.392857143,1.286375491
guêtre,11.6025641,3.276959191,2.321428571,0.818923025
gueule,6.848720801,2.431425088,5.535714286,1.201300001
guide,8.458286986,1.98651367,4.107142857,1.065947178
gym,7.102335929,1.797848176,4.142857143,1.078898125
hache,6.852057842,2.268531807,3.214285714,1.100745298
haie,7.885714286,2.2190398670000002,3.25,1.040833
haine,9.560622914,2.695276633,4.107142857,1.314852075
hâle,12.38301282,2.298159799,2.75,1.075828707
hall,9.17352614,2.834123862,4.321428571,1.306779231
halle,10.16907675,2.724638676,3.857142857,1.353029132
halte,10.1452381,2.476556749,3.357142857,1.28277147
hanche,8.136781609,2.579539298,3.964285714,1.137969044
hargne,11.9547619,2.196130348,2.928571429,0.813250061
harpe,9.101223582,2.279407582,2.821428571,0.772373515
hâte,9.850945495,2.534917445,4.321428571,1.516662306
hausse,9.516666667,2.285385855,4.928571429,1.331347728
haut,4.748609566,1.677171198,5.75,1.109721353
havre,12.20355951,2.890845767,2.892857143,0.916486274
herbe,4.744160178,1.765865105,4.321428571,1.090483122
hertz,12.88876529,1.745655129,2.75,0.887151079
heure,5.921023359,2.208974851,6.25,1.404358296
hier,5.219047619,1.382983615,6.321428571,0.862965234
homme,4.716351502,1.70703793,5.857142857,1.112697281
honte,7.463848721,2.566952924,4.928571429,1.331347728
hors,8.923248053,2.836778424,5.571428571,1.317364693
hôte,10.42157953,2.552249693,3.142857143,1.208435956
hotte,6.722860792,2.572112662,3.285714286,1.181873681
houle,12.66133005,2.261805373,2.428571429,0.959497223
housse,9.179087875,2.574481888,3.821428571,1.278122797
houx,8.147619048,2.775922752,2.5,0.693888666
huile,8.5283648500000009,10.79934287,4.642857143,1.161553421
huit,4.709677419,1.4088812,5.142857143,1.508354161
huître,8.103448276,2.532546762,2.964285714,1.104943198
humble,11.27884615,1.878237945,3.5,1.071516751
hutte,9.100111235,2.662765964,2.642857143,0.731020885
hyène,9.457174638,2.682880814,2.607142857,0.875141712
hymne,10.06785714,2.720927834,3.357142857,1.253566341
il,4.35483871,1.57466501,6.928571429,0.262265264
île,6.385984427,1.956516545,3.285714286,1.11744228
ivre,9.675194661,2.790151651,3.857142857,0.970463261
jambe,4.137931034,1.751190072,5.25,1.1426091
jarre,10.74972191,2.32332724,2.642857143,1.026114055
jauge,11.98901099,2.579938886,3.142857143,0.931517508
jaune,3.816462736,1.446538322,4.535714286,1.574851971
jazz,9.886540601,2.635571391,3.607142857,1.065947178
je,3.709677419,1.803222921,6.785714286,0.786795792
jean,7.988876529,2.675656888,5.357142857,1.12921755
jet,9.312569522,3.385611554,3.464285714,1.231745009
jeu,4.208008899,1.888277363,5.107142857,1.100144291
jeune,6.52836485,2.039396917,5.321428571,1.218790275
jeûne,10.58333333,2.440086676,3.5,1.261979632
job,11.66740823,2.456941013,4.785714286,1.166099635
joie,6.640711902,1.910919387,4.642857143,1.12921755
joindre,9.318131257,2.15576247,4.464285714,0.922241346
joint,10.42380423,3.206176834,4.285714286,1.436486012
jouable,10.21583653,3.444135445,3.785714286,0.875897121
joue,4.421579533,2.305206823,5.035714286,1.318869967
joué,4.640711902,1.607776799,4.642857143,1.253566341
jouer,3.889877642,1.833382209,5.035714286,1.400585667
jouet,3.745272525,1.70640791,4.678571429,1.306779231
joueur,6.17352614,2.136724455,4.392857143,1.030615987
jouir,12.81071429,2.036731662,4.357142857,1.095928009
jour,4.745272525,1.686760591,6.107142857,1.165532328
joute,15.45352564,17.59619714,2.571428571,0.959497223
juge,9.098998888,2.432309403,4,1.217161239
juin,5.994438265,1.790656755,3.714285714,1.150109266
jungle,6.49054505,2.777404993,3,1.018350154
jupe,4.886540601,2.003223209,4.607142857,1.165532328
jus,5.209121246,1.965290205,5.5,1.03637545
jusque,7.171301446,1.834554823,6.321428571,0.944911183
juste,5.957730812,1.70703793,5.928571429,1.331347728
kilt,10.80952381,2.309401077,2.642857143,0.869835477
kiosque,9.848720801,2.445096036,3.892857143,1.065947178
kit,11.81226054,2.389426627,3.857142857,1.238705588
la,4.101223582,1.982178665,6.892857143,0.314970394
là,5.467185762,2.447293875,6.714285714,0.809990528
lac,6.171301446,2.243269503,3.357142857,1.095928009
lâche,9.599555061,2.740771416,3.964285714,1.373887236
laid,7.371428571,2.222145593,4.357142857,1.223664373
laine,6.385984427,1.973480088,3.714285714,0.975900073
laisse,5.707452725,1.912606733,5.785714286,1.44932022
lait,4.137931034,1.897366596,5.535714286,1.137969044
lame,7.536151279,2.307071877,3.892857143,1.13330999
lampe,4.888765295,1.627056185,5.25,1.530553035
lance,6.955506118,2.340848114,4.25,1.456149158
langue,4.459399333,1.989758725,4.821428571,1.188013325
laque,9.35483871,2.71039417,3.535714286,1.137969044
lard,9.033333333,3.600127712,3.535714286,1.231745009
large,6.854282536,1.820433601,4.892857143,1.474205014
larme,5.993325918,2.400268802,4.392857143,1.314852075
larve,9.028921023,2.296327128,2.892857143,0.628890011
las,11.24249166,1.940513179,3.214285714,1.44932022
latte,10.0702381,2.999808423,2.964285714,0.881166855
lave,7.245828699,2.473080879,4.214285714,1.618347187
le,4.072302558,1.599058863,6.928571429,0.262265264
lent,6.352614016,2.171169845,4.928571429,1.463850109
lente,6.740823137,2.204101748,4.785714286,1.370513363
lèpre,11.35150167,2.508908858,2.464285714,0.576203594
les,4.601779755,2.046765085,6.678571429,1.055973184
lettre,5.456062291,1.726454506,4.964285714,1.502643174
leur,6.13570634,2.128152311,6.607142857,0.737326789
leurre,12.38375973,2.837157445,3.25,0.887151079
lèvre,5.106785317,1.700094874,4.821428571,1.055973184
liane,8.032258065,2.594037829,2.714285714,0.534522484
liasse,10.13793103,2.049390153,3.214285714,1.227980663
libre,7.783092325,2.163231354,4.75,1.481365736
lie,10.31043956,3.547858733,3,1.247219129
lié,8.745272525,2.836399353,4.571428571,1.42539329
liège,9.001112347,2.469600116,3.285714286,0.76289618
lien,8.03192848,2.199417747,4.928571429,1.245096201
liesse,12.15833333,3.149073938,2.678571429,0.983326607
lieu,7.286904762,2.220334447,5.214285714,1.343217333
lièvre,6.527252503,1.96966238,3.071428571,1.051579814
light,12.13793103,2.863564213,4.428571429,1.47644647
ligne,5.963292547,1.651978286,4.964285714,1.201300001
ligue,12.09232481,2.675656888,3.571428571,0.959497223
lime,8.812013348,2.87331063,3.571428571,1.03381965
lin,11.27474972,2.469600116,3.178571429,0.904866326
linge,6.600667408,1.85785169,5,1.154700538
lion,4.387096774,1.909793661,3.107142857,0.956044541
lire,5.492769744,2.452122188,5.821428571,0.904866326
lisse,8.033251232,2.631282068,4.142857143,1.208435956
liste,7.24916574,2.077011915,5,1.305260014
lit,3.778642937,1.979464465,5.928571429,1.152407188
litre,8.032142857,2.218262756,5.107142857,1.227441957
livre,4.44047619,1.397863723,5.857142857,1.208435956
lobe,10.20689655,3.483293461,3.821428571,1.362284884
loft,13.78690476,3.67173109,3.464285714,1.07089934
loge,9.314794216,2.334408355,3.178571429,1.188013325
loi,8.920238095,2.944115502,4.821428571,1.362284884
loin,5.642936596,1.582158591,5.392857143,1.165532328
long,5.209121246,1.998924442,5.678571429,1.123933945
look,10.0297619,2.925315584,4.785714286,1.286889528
lors,8.849833148,2.881531851,5.785714286,1.315354983
lorsque,7.955952381,2.128352663,6.392857143,0.916486274
lot,8.139043382,2.008048322,4.035714286,1.104943198
louange,10.85119048,2.335384977,2.785714286,0.956736074
louche,7.457174638,2.657915749,4.142857143,1.238705588
loué,10.48609566,2.785137204,4.214285714,1.166099635
louer,9.917686318,2.859806746,4.142857143,1.007905261
loup,4.675194661,1.360739837,3.392857143,1.100144291
loupe,6.992213571,1.892259274,3.785714286,1.133893419
lourd,5.494994438,1.958713644,4.928571429,1.274495439
loutre,8.599555061,2.894562942,2.642857143,0.731020885
lu,8.381535039,9.003464088,5.571428571,1.259881577
lueur,9.909323116,2.626597567,3.25,1.205696356
luge,5.67185762,2.593208665,2.857142857,1.044005311
lui,5.314794216,1.910356607,6.642857143,0.621484824
lune,4.745272525,1.25638156,4.285714286,1.181873681
lustre,8.920238095,2.486977578,3.571428571,1.230133128
lutte,8.779755284,2.564857622,4,0.942809042
luxe,9.674082314,2.433635274,4.071428571,1.184109962
lymphe,13.381410259999999,2.723120382,2.571428571,0.790151014
lynx,9.380422692,3.005371535,2.714285714,1.013141168
lys,9.848720801,2.777017817,2.928571429,1.051579814
mâche,8.631813126,4.036393578,4,1.217161239
mai,5.604004449,1.480337073,3.642857143,1.223664373
maigre,6.997775306,1.84274223,4.535714286,1.170063083
maille,9.071428571,2.741758811,3.107142857,1.065947178
main,3.640711902,1.727699695,5.75,1.322875656
maire,8.102335929,2.024580137,4.035714286,1.137969044
mais,5.314794216,2.156261201,6.714285714,0.937180281
maître,5.313681869,1.757931336,3.857142857,1.380131119
mal,4.174638487,1.80620198,5.785714286,1.227980663
mâle,7.923248053,1.978377743,3.964285714,0.999338405
malle,8.136818687,2.689285791,3.178571429,0.862965234
malt,13.06641124,3.374053416,2.678571429,1.090483122
manche,5.674082314,2.1884349,4.5,0.838870493
mangue,10.34593993,2.626580425,2.964285714,0.692934867
manque,6.492769744,2.253790117,5.571428571,1.42539329
marbre,9.663095238,2.160512923,2.928571429,0.71639899
marche,4.745272525,1.764037402,5.5,1.374368542
mare,6.392857143,1.853068383,3.928571429,1.48893627
marge,7.675194661,2.986348869,4.142857143,1.145499591
marque,8.062291435,2.441575377,5.035714286,1.574851971
mars,6.469047619,2.19298778,3.678571429,1.218790275
masque,5.889877642,1.778001778,3.714285714,1.11744228
masse,9.421579533,2.404297228,4,1.217161239
mat,9.58452381,2.413801314,3.214285714,1.133893419
mât,9.213095238,3.090400413,3.142857143,0.84827868
match,7.208008899,1.957615403,4.642857143,1.19301317
maths,6.496106785,1.453212977,5.178571429,1.156417566
mauve,7.670745273,2.579905808,3.428571429,1.168366109
me,5.136818687,2.689285791,6.357142857,1.61507449
mèche,7.63403782,2.91750372,4.428571429,1.168366109
membre,8.14047619,2.434427403,4.357142857,1.061595086
même,5.785317019,1.564388644,6.321428571,0.983326607
menthe,6.031145717,2.0388696,4.285714286,1.049061057
mer,4.709677419,1.58690881,3.5,1
mère,4.423804227,1.847404456,5.714285714,1.150109266
merle,8.101223582,2.594037829,3.071428571,0.978607152
mes,4.85650723,1.899065984,6.892857143,0.314970394
messe,7.958843159,2.257127302,3.5,1.170628195
mètre,7.719688543,2.171665037,4.607142857,1.547741143
mets,8.704115684,3.676721307,4.428571429,1.525792361
mettre,5.103448276,2.097617696,5.357142857,1.520581899
meuble,6.175750834,2.494725619,5.428571429,1.259881577
meule,10.18007663,3.642253403,3.964285714,1.55115591
meurtre,8.676307008,2.155263624,3.25,1.350582865
mi,7.958843159,2.151268693,3.928571429,1.561778934
miche,9.038095238,3.050532269,3.25,1.430488132
mie,5.9621802,1.938295449,3.714285714,1.272418021
miel,6.169076752,2.103248895,4.25,1.1426091
mien,4.709677419,1.945493828,5.285714286,1.383959506
miette,5.462736374,1.544327114,5.714285714,1.46204177
mieux,6.177975528,1.7339122280000001,5.321428571,1.334820599
mille,7.171301446,1.779210892,5.642857143,1.44566493
mime,7.995238095,2.501493807,3.821428571,1.492042384
mince,7.492769744,2.193832999,4.214285714,1.52405752
mine,7.428253615,2.655487319,4.357142857,1.54474703
mioche,9.805952381,3.00210654,3.857142857,1.40671105
mis,6.209121246,2.379572565,4.5,1.75330376
mise,8.420467186,2.948664724,4.928571429,1.741190981
mixte,9.672969967,2.111412919,4.428571429,1.525792361
mode,8.63403782,2.201172708,4.607142857,1.499117906
moelle,10.53170189,2.837536414,4.214285714,1.44932022
moeurs,12.63515017,2.50032256,3.464285714,0.999338405
moi,3.775,1.600646421,5.071428571,1.653919507
moindre,11.06229143,2.809737293,5.428571429,1.642684601
moine,8.281423804,1.368619114,3.607142857,1.314852075
moins,5.246941046,1.55127419,4.535714286,1.971691187
mois,5.778642937,1.708297272,5.642857143,1.496026483
moite,9.622619048,2.314621192,4.571428571,1.399168309
mon,4.568409344,2.063507818,5.285714286,1.902379462
monde,6.325,2.26441741,6,1.465656218
monstre,4.675194661,1.708297272,4.535714286,1.502643174
mont,8.352614016,2.171169845,3.392857143,1.100144291
montre,5.320355951,1.696929548,4.428571429,1.451144412
mordre,5.210233593,2.087340233,4.892857143,1.342724861
morgue,11.10714286,2.449489743,3.785714286,1.286889528
morse,9.842857143,3.328041777,2.928571429,1.152407188
mort,6.562847608,1.814517324,3.571428571,1.525792361
mot,4.814238042,1.686760591,5.464285714,1.201300001
motte,9.066411239,3.028192652,4.821428571,1.826828286
mou,6.064516129,2.276575432,3.535714286,1.290482048
mouche,4.852057842,1.553352254,4.392857143,1.257254084
moudre,9.604004449,2.488251967,3.75,1.481365736
moue,9.397619048,3.18112248,3.392857143,0.994029797
mouette,6.492769744,2.326564683,2.821428571,0.818923025
moufle,6.254727475,3.169410243,3.071428571,1.051579814
moule,7.345939933,2.834123862,2.964285714,1.07089934
mousse,5.776190476,2.14850924,3.642857143,0.951189731
mue,10.48152709,2.720565719,2.892857143,0.831744517
muer,10.17908788,2.700856097,3.428571429,1.03381965
muet,7.785317019,2.459128266,3.821428571,1.090483122
mufle,10.625,2.989178012,2.714285714,0.975900073
mule,8.562847608,2.66316975,3.071428571,0.978607152
mur,4.716351502,1.585553056,4.928571429,1.358882205
mûr,7.435714286,2.708861575,4.285714286,1.272418021
muscle,7.24916574,2.011793187,4.857142857,1.044005311
muse,12.67630701,1.873987182,3.214285714,1.166099635
myope,9.706340378,2.644125158,3.892857143,1.196887498
mythe,10.67296997,2.23414365,3,1.122167215
nacre,11.41123883,2.756094903,2.714285714,0.809990528
nage,5.9243604,1.249516035,3.642857143,1.12921755
nain,6.919911012,2.586981468,3.392857143,1.065947178
naître,6.285873192,2.438490631,3.857142857,1.078898125
nappe,5.959955506,1.634967363,3.892857143,1.100144291
natte,6.066740823,1.998924442,3.5,1
ne,5.635150167,2.377312117,6.75,0.518187725
neige,4.459399333,2.055676641,3.428571429,1.199647214
nerf,9.7,2.513412298,4.357142857,1.223664373
net,8.73452381,2.87298155,5.035714286,1.527092198
neuf,5.585714286,1.811838464,5.142857143,1.458418365
neutre,10.13348165,2.729370324,4.321428571,1.306779231
nez,3.747497219,1.661065858,5.142857143,1.044005311
ni,6.631813126,2.357782811,6.178571429,1.334820599
niche,5.423804227,1.81095828,3.357142857,1.026114055
nid,5.457174638,1.788253187,3.535714286,0.922241346
nié,9.328571429,2.857536919,3.821428571,1.090483122
nier,9.707452725,2.644125158,3.964285714,0.999338405
noble,10.175,2.577756309,3.142857143,0.970463261
noce,9.668520578,2.51233516,3,0.860662966
noeud,6.148148148,2.591193878,4.071428571,1.331347728
noir,3.773809524,1.493279966,5.357142857,1.41981443
noix,6.096774194,2.495587504,3.678571429,1.055973184
nombre,5.927697442,1.46866921,5.428571429,1.136224138
non,3.032258065,1.412692084,6.892857143,0.416269652
nord,6.890989989,1.675246732,4.428571429,1.708986519
norme,11.96106785,2.777792115,4.821428571,1.588233853
nos,5.677419355,1.703885503,6.5,1
note,6.743047831,1.785846385,5.071428571,1.214985793
notre,5.641824249,1.686760591,6.5,0.693888666
nôtre,6.886904762,2.574186625,5.821428571,1.389206313
noué,8.568326948,2.539345558,3.642857143,0.9893614
nouer,8.06785317,2.938070466,3.821428571,1.218790275
noueux,11.10595238,2.760351469,2.607142857,0.831744517
nouille,5.402380952,2.211776214,5.071428571,1.385869734
nous,5.244716352,1.757931336,6.678571429,0.722832465
nu,5.144047619,1.884296875,5.214285714,1.031257516
nuage,4.459399333,1.491913688,4.928571429,1.214985793
nuance,9.295238095,3.073056811,4,1.247219129
nuée,11.25925926,3.433032812,2.678571429,1.020296668
nuit,4.139043382,1.760376304,5.892857143,1.100144291
nul,5.674082314,2.350017158,5.321428571,1.389206313
nuque,7.815350389,2.273739755,3.857142857,1.297127474
nymphe,11.8403576,3.506152228,2.571428571,1.136224138
oeil,4.06785317,1.516220542,5.214285714,1.397276262
oeuf,4.464961068,1.690581118,5.321428571,1.188013325
oeuvre,9.837803321,2.426252152,4.107142857,1.030615987
offre,7.923248053,2.940631196,5.142857143,1.297127474
ogre,7.95105673,12.96090067,3.071428571,1.184109962
oie,5.598442714,1.780419185,3.178571429,1.123933945
ombre,6.52836485,2.586981468,4.178571429,1.055973184
on,5.101223582,2.096592217,6.857142857,0.448395139
oncle,5.244716352,1.832208844,3.857142857,1.007905261
onde,11.06785714,2.695462343,3.821428571,1.020296668
ongle,5.243604004,2.112431204,4.857142857,1.145499591
onze,5.352614016,1.283476462,4.607142857,1.617938462
or,7.031145717,2.41322521,4.928571429,1.537881454
ordre,6.710789766,1.94383503,4.642857143,1.366647309
orge,10.99555061,2.459565483,2.714285714,0.937180281
orque,9.061904762,2.476556749,2.5,0.509175077
os,5.710789766,1.52046965,4.464285714,1.318869967
ou,5.179761905,2.042367344,6.714285714,0.712696645
où,5.709677419,2.460002623,6.678571429,0.862965234
ouest,7.502780868,1.544327114,4.142857143,1.508354161
oui,2.81868743,1.569877743,6.785714286,0.629940788
ouïe,8.458286986,2.77120369,3.607142857,0.956044541
pacte,10.8865406,2.673244575,3.285714286,1.049061057
page,5.210233593,1.757931336,5.25,1.294575578
paille,6.352614016,1.802029919,3.464285714,0.999338405
pain,3.959955506,1.863630403,6.392857143,0.785954749
pair,8.761174968,3.67021026,4.107142857,1.165532328
paire,7.032258065,3.065240435,4.75,1.377732974
paix,7.815350389,2.345895523,4.25,1.294575578
pale,8.386217949,2.585462315,3.785714286,1.257780021
pâle,8.416347382,2.132322215,4.035714286,1.290482048
palme,7.922135706,2.682880814,2.964285714,0.744468135
pan,8.598290598,4.509249753,3,1.276569477
panne,6.954761905,2.049950939,4.285714286,1.301200097
paon,6.921023359,2.783206165,2.75,0.927960727
pape,9.167964405,2.473080879,2.857142857,0.931517508
par,5.708565072,2.095053057,6.5,1
parc,5.313681869,2.1502688,4.071428571,1.303231637
part,6.280311457,2.404744414,5.321428571,1.389206313
pas,5.03003337,1.944941053,6.392857143,1.257254084
passe,6.027808676,2.414116192,5.857142857,1.380131119
patch,12.3547619,3.50303645,3.25,0.927960727
pâte,5.743047831,2.643718463,5.142857143,1.208435956
patte,4.957730812,1.802029919,4.642857143,1.54474703
paume,7.657142857,2.40114915,3.642857143,1.12921755
pause,7.169076752,2.300070125,5.607142857,1.165532328
pauvre,6.749721913,1.982721058,4.642857143,1.568539914
paye,8.84538376,2.730945718,4.5,1.347150628
peau,5.066740823,1.982178665,5.178571429,1.218790275
pêche,5.457174638,2.048865409,3.535714286,1.035737092
peigne,4.959955506,2.13067711,4.785714286,1.19743995
peindre,5.955506118,2.08476295,3.857142857,1.145499591
peine,7.136818687,2.509765872,5.071428571,1.537881454
peint,6.546428571,2.36570322,4,1.360827635
peintre,7.064516129,1.607107868,3.642857143,0.951189731
pelle,5.208008899,2.183023453,3.75,1.075828707
pendre,7.95952381,2.012603963,4,1.539600718
pente,7.205784205,2.258079877,3.857142857,1.208435956
perche,8.996662959,2.357326716,3.071428571,1.051579814
perdre,5.499443826,1.767690918,5.357142857,1.28277147
père,4.563959956,1.780419185,5.571428571,1.230133128
perle,5.733333333,1.978040363,3.571428571,1.199647214
perte,8.103448276,2.28035085,4.392857143,1.257254084
peste,9.638487208,2.606031053,3.464285714,1.477789712
peu,5.964404894,1.74133801,6.321428571,1.278122797
peuple,8.46051168,1.723337597,4.071428571,1.303231637
peur,4.780867631,1.495513002,5.035714286,1.201300001
phare,7.242491657,2.105292869,3.428571429,1.288943622
phase,13.94549499,18.30623608,4.392857143,1.227441957
philtre,10.20592593,3.266422457,2.535714286,1.104943198
phoque,6.313681869,2.285531867,2.714285714,1.013141168
phrase,5.848720801,1.782833313,5.857142857,1.177388375
pic,7.468298109,2.391292448,3.678571429,1.020296668
pie,6.886540601,2.100691131,3.107142857,1.100144291
pièce,5.888765295,1.66752666,5.642857143,1.28277147
pied,3.642936596,1.603088417,5.642857143,1.061595086
piège,7.102335929,1.870541294,4.214285714,1.257780021
pierre,4.814238042,1.782833313,4.392857143,1.39680285
piètre,12.45272525,2.539579171,2.892857143,0.994029797
pieuvre,7.24137931,2.422120283,2.464285714,0.63724772
pieux,11.09788654,2.956312728,2.714285714,0.712696645
pige,10.58571429,3.157912886,3.714285714,1.436486012
pile,6.639599555,1.96364813,4.464285714,1.346659595
pin,8.13452381,2.920596695,2.964285714,1.137969044
pince,6.313681869,1.832208844,3.75,1.075828707
pioche,7.412515964,2.545642466,3.142857143,1.007905261
pion,7.286985539,2.468293564,3.714285714,1.013141168
pipe,7.209121246,2.128152311,3.75,1.236033081
pique,6.250278087,1.788253187,4.142857143,1.078898125
pire,7.457215837,2.424220966,5.535714286,1.290482048
piste,7.810714286,2.119694187,4.107142857,1.196887498
pitre,8.102335929,3.177880541,3.571428571,1.345185418
place,6.141666667,2.539119225,5.392857143,1.257254084
plage,5.458286986,1.677171198,3.392857143,1.165532328
plaie,8.097886541,2.721479673,3.714285714,1.11744228
plaindre,7.928571429,2.754306972,4.642857143,1.12921755
plaine,7.959770115,2.640315202,3.892857143,1.39680285
plainte,9.418242492,2.404744414,4.035714286,1.170063083
plaire,8.282536151,2.74978005,4.714285714,1.356933986
plan,8.073809524,2.049950939,4.75,1.040833
planche,6.635150167,2.363249085,4.035714286,0.999338405
plane,9.960714286,2.218262756,3.464285714,1.137969044
planque,9.563959956,2.677665489,3.75,1.109721353
plant,9.842911877,3.22551405,2.785714286,1.133893419
plante,5.886540601,2.698067807,4.571428571,1.168366109
plaque,7.816462736,2.508480241,3.892857143,1.13330999
plat,6.208008899,1.940513179,5.357142857,1.339272487
plâtre,8.709677419,2.54000254,3.285714286,1.11744228
plein,5.492769744,1.96966238,5.607142857,1.499117906
pleur,5.565072303,2.375954817,4.428571429,1.230133128
pli,7.689655172,2.396631462,3.928571429,0.939998874
plomb,9.585714286,2.799014605,3.392857143,1.196887498
plot,8.583333333,2.733361368,3.214285714,1.066567456
pluie,4.353726363,1.436842416,5,0.902670934
plume,4.927697442,1.619770328,3.642857143,1.061595086
plus,4.819799778,1.407353957,6.714285714,0.534522484
pneu,5.536151279,2.203613845,3.928571429,0.939998874
poche,4.996662959,1.757931336,5.142857143,1.208435956
poêle,6.369047619,2.468188409,4.964285714,1.231745009
poids,6.640711902,1.765865105,5.285714286,1.11744228
poigne,13.51279199,18.75054121,3.071428571,0.813250061
poil,6.142857143,1.893728306,4.785714286,1.286889528
poing,6.456062291,2.539155731,4.214285714,1.133893419
point,5.65952381,2.208655908,5.178571429,1.588233853
pointe,7.456062291,2.404297228,4.035714286,1.318869967
poire,4.708565072,2.110903593,3.964285714,0.999338405
pois,6.850945495,2.675656888,3.392857143,1.100144291
poisse,10.10011123,2.241351359,3.964285714,1.170063083
poivre,5.710789766,1.475972433,5.071428571,1.385869734
pôle,8.783092325,2.340848114,3.464285714,1.035737092
pomme,4.244716352,1.776791841,5.071428571,1.438326482
pompe,8.274749722,2.243269503,4.107142857,1.423071423
pondre,5.852057842,1.716460474,3.214285714,0.832539304
pont,6.312569522,2.897533248,4.178571429,1.278122797
pop,12.58452381,2.399473122,4.392857143,1.196887498
porc,5.744160178,1.979464465,3.857142857,0.803431793
porche,10.14285714,2.51889412,3.107142857,0.916486274
port,8.774193548,8.91754342,3.642857143,1.311326321
porte,4.246941046,1.55127419,6.071428571,1.015749
pose,7.81868743,3.11948438,4.714285714,1.301200097
poste,7.141666667,2.552663698,4.607142857,1.314852075
pot,4.517857143,1.592005892,4.535714286,1.373887236
pouce,4.389321468,1.829272139,4.821428571,1.090483122
poudre,7.510714286,2.246069364,4.071428571,1.274495439
pouf,9.304783092,4.091428228,4.535714286,1.426784597
poule,3.994438265,1.790656755,3.678571429,1.278122797
poulpe,9.382647386,2.712377047,2.785714286,0.629940788
pour,5.034482759,1.966384161,6.464285714,1.137969044
pourpre,10.17619048,2.545223157,3.035714286,1.035737092
pousse,5.746384872,1.889415908,4.857142857,1.177388375
poutre,7.745272525,1.99461641,3.357142857,0.951189731
pré,8.14047619,11.20939671,3.75,1.377732974
prendre,5.497219132,1.85785169,6,1.247219129
près,5.925,1.626292589,5.821428571,1.516662306
presque,6.568409344,1.670747692,6.535714286,0.83808171
presse,8.729761905,2.836745748,5.178571429,1.188013325
prêt,6.993325918,2.925968271,5.428571429,1.525792361
prêtre,8.638487208,2.111412919,3.285714286,1.049061057
preuve,8.776418242,2.767320819,4.428571429,1.399168309
prime,11.32261905,3.056743064,3.678571429,0.944911183
prince,5.389321468,1.773763389,3.464285714,1.261455446
pris,5.708565072,1.997310019,5.678571429,1.248808956
prise,6.660714286,2.255262046,5.25,1.322875656
prisme,12.43571429,2.455114296,2.714285714,0.854493259
prix,5.921023359,1.792457315,5.571428571,1.288943622
pro,11.06117909,2.836778424,4.642857143,1.496026483
proche,7.065628476,2.467857893,5.107142857,1.065947178
proie,8.568409344,2.567371779,3.25,0.887151079
prompt,12.95467033,2.109126051,3.035714286,1.231745009
propre,5.389321468,1.754870335,5.571428571,1.288943622
prune,6.59621802,2.340848114,3.464285714,1.07089934
psy,11.84983315,2.627399057,5.321428571,1.44154165
puant,7.923248053,2.376407336,4,1.305260014
pub,6.988876529,2.385890425,5.964285714,1.318869967
puce,7.139043382,2.073384849,4.035714286,1.290482048
puer,6.032258065,1.481789096,4.285714286,1.242969648
puis,6.667487685,2.253623246,6.535714286,0.83808171
puisque,7.957730812,2.552249693,6.285714286,1.272418021
puits,6.706340378,2.142754734,3.142857143,0.84827868
pull,4.782758621,1.896457678,5.071428571,1.412341671
pulpe,8.635150167,2.446414976,3.785714286,1.315354983
punch,12.4297619,2.722617064,3.678571429,1.156417566
pur,8.820912125,2.151268693,4.321428571,1.306779231
purge,11.99489144,2.445464284,3.142857143,1.044005311
puzzle,5.13570634,2.015531094,3.178571429,0.862965234
quai,8.77753059,2.013929984,3.75,1.294575578
quand,5.706340378,2.173644677,6.785714286,0.498675494
quant,9.955952381,3.158822711,5,1.610152972
quart,7.753058954,2.252358382,4.785714286,1.853068383
quartz,10.17130145,2.915291535,3.035714286,1.07089934
quatre,3.996662959,1.19317053,5.25,1.456149158
que,5.711902113,1.81747787,7,0
quel,6.426028921,1.835726688,6.535714286,0.744468135
quelque,6.887652948,1.672677334,6.142857143,1.044005311
quête,9.925472747,2.634347158,3.607142857,1.196887498
queue,5.254926108,1.940620997,4.035714286,1.373887236
qui,7.239154616,11.12335526,6.642857143,0.678466993
quiche,6.601779755,2.592793984,4,1.186342028
quille,6.991101224,3.054698479,3.178571429,1.020296668
quinze,5.496106785,1.358367141,4.75,1.624465724
quitte,7.492769744,2.208974851,5.214285714,1.315354983
quiz,10.35261402,2.305206823,3.785714286,1.397276262
quoi,5.244716352,2.285531867,6.428571429,1.168366109
race,8.49054505,2.578238125,3.75,1.109721353
rafle,13.10851648,2.126613922,3,1.186342028
rage,8.677419355,2.153267085,3.571428571,0.690065559
raid,12.02669633,3.138042675,3.071428571,0.857583661
raide,8.48452381,2.884959013,3.928571429,1.08622934
raie,8.278086763,2.606856138,3.321428571,1.090483122
rail,6.889877642,2.441575377,3.464285714,0.999338405
râle,9.137931034,2.886751346,3.571428571,1.501322169
rame,7.285873192,2.297731467,3.571428571,0.997350989
rampe,8.108333333,2.846453732,3.714285714,1.301200097
ranch,9.706340378,2.606031053,2.821428571,1.020296668
rang,6.589285714,1.852305181,4.142857143,1.380131119
rap,11.24137931,2.265686062,4.178571429,1.362284884
râpe,7.953571429,2.321563088,3.642857143,0.9893614
rare,7.853170189,1.931626982,4.928571429,1.303231637
ras,9.222222222,2.405351177,3.857142857,1.55668893
rat,5.494994438,1.427080635,3.678571429,1.306779231
rate,10.92213571,3.376070121,3.392857143,1.685214256
règle,5.998887653,1.378014779,5.035714286,1.373887236
règne,9.034482759,2.323790008,3.25,1.1426091
rein,9.547619048,2.604152299,3.75,1.109721353
reine,5.636262514,2.013929984,3.214285714,0.956736074
rendre,5.892102336,1.944941053,5.178571429,1.415615857
rêne,7.826153846,2.560348534,2.75,1.1426091
renne,6.695238095,2.359622023,2.785714286,0.875897121
reste,6.06785317,1.760376304,5.678571429,1.278122797
rêve,5.280311457,1.765256081,5.214285714,1.166099635
rhum,10.31813126,3.412815821,3.75,1.236033081
rhume,6.031145717,2.055153501,4.25,1.236033081
riant,7.775862069,2.885755743,3.928571429,1.412341671
riche,6.52836485,1.972935153,4.642857143,1.161553421
ride,9.345939933,2.67686223,4.142857143,1.238705588
rien,4.822024472,1.55127419,6.642857143,0.55872114
rieur,8.531701891,2.729764258,3.821428571,1.248808956
rime,8.567296997,1.876853922,4.142857143,1.007905261
ring,10.16907675,2.300070125,2.928571429,0.899735411
rire,4.923248053,1.745655129,5.678571429,1.156417566
risque,8.034482759,2.175622516,4.857142857,0.890870806
rive,8.390433815,2.286002286,3.285714286,0.937180281
riz,4.783092325,1.44207139,5.142857143,1.044005311
robe,4.56618465,1.500537538,4.392857143,1.165532328
roc,9.735714286,2.871981174,2.928571429,0.939998874
roche,8.134593993,2.650218088,3.321428571,1.020296668
rock,9.245828699,2.765766144,4.892857143,1.423071423
roi,5.565072303,1.725831575,3.321428571,0.944911183
rôle,8.619047619,2.397316507,4.535714286,1.170063083
rompre,10.74082314,2.6940795299999998,3.892857143,1.165532328
rond,4.253615128,1.623748484,4.357142857,1.253566341
ronde,5.145717464,2.124612552,4.178571429,1.389206313
rose,4.426028921,1.427080635,4.464285714,1.104943198
roue,5.426028921,1.603088417,4.142857143,1.238705588
roué,11.56577267,2.312953457,3.25,1.109721353
rouer,11.32619048,2.431592827,3.071428571,1.11980724
rouge,3.819799778,1.257237114,5.464285714,1.426784597
rouille,8.38487208,2.91086212,3.071428571,0.71639899
route,4.931034483,1.693123347,5.678571429,1.090483122
roux,6.958843159,2.495587504,3.785714286,1.343217333
ruche,7.311457175,2.152268121,3.071428571,0.978607152
rude,10.13570634,2.337170424,3.607142857,1.065947178
rue,5.24916574,2.028294479,6,1.217161239
ruée,10.10595238,2.157318472,3.25,0.927960727
ruelle,9.745272525,2.728582286,3.714285714,1.329359157
ruer,10.25357143,2.155186207,3.571428571,1.317364693
ruine,9.295238095,2.598850321,3.357142857,0.826159599
ruse,8.567296997,1.929399037,3.964285714,1.318869967
rustre,11.55,2.372253403,2.821428571,0.983326607
rythme,8.31701891,2.212379636,4.75,1.481365736
sa,4.816462736,1.681013519,6.785714286,0.568112069
sable,6.810901001,9.190106883,3.285714286,0.937180281
sabre,9.14559387,2.603994658,2.928571429,0.71639899
sac,5.063403782,1.753031169,6,1.186342028
sacre,11.28690476,2.296674257,3,1.054092553
sage,4.850945495,1.777396913,4.571428571,1.399168309
sain,10.06117909,2.591134596,3.964285714,1.318869967
saint,8.528735632,2.039833214,3.714285714,1.150109266
sale,4.672969967,2.063507818,5.214285714,1.343217333
salle,6.211904762,2.196130348,5.964285714,1.07089934
sang,5.355951057,1.446538322,4.571428571,0.959497223
sangle,9.84047619,2.648790659,3.178571429,0.722832465
sans,5.780867631,2.30287338,6.392857143,1.030615987
saoul,9.599555061,3.353380576,4.142857143,1.268252975
sauce,5.850945495,2.055676641,5,1.054092553
sauf,7.070077864,2.21335147,6.035714286,1.137969044
saut,6.101223582,2.279407582,4.214285714,1.066567456
sauve,7.648786718,2.654116609,3.785714286,0.956736074
scalp,11.21666667,2.715642216,2.428571429,0.572749795
sceau,9.689285714,3.583005866,2.857142857,0.890870806
scène,8.563959956,2.199217847,4.357142857,1.026114055
sceptre,10.18214286,2.630720368,2.607142857,0.628890011
scie,6.638487208,1.964195641,3.25,1.004618962
science,9.209121246,1.948255354,5.178571429,1.362284884
scier,7.219667944,2.389426627,3.285714286,0.712696645
sciure,12.17130145,12.62928837,2.678571429,0.862965234
scoop,12.39880952,2.245045631,4.285714286,1.212806444
score,7.887652948,2.502901542,4.678571429,1.248808956
scotch,6.243604004,1.948255354,4.107142857,0.994029797
scribe,11.23361823,3.124665224,2.321428571,0.722832465
script,12.59733037,2.650623785,2.857142857,0.705233647
seau,5.359288098,2.642904886,3.321428571,0.772373515
sec,6.456062291,2.459128266,4.857142857,1.325373063
sèche,7.315906563,2.841323332,4.392857143,1.314852075
secte,10.810901,2.541272224,3.464285714,0.922241346
seigle,9.73452381,3.450970212,3,1.018350154
sein,7.289285714,2.397556227,4.964285714,1.452511053
seize,5.531701891,1.258946479,4.928571429,1.412341671
sel,5.139043382,1.516220542,6.107142857,0.831744517
self,11.8339719,2.148432812,4.285714286,1.181873681
selle,7.50952381,1.998850244,3.035714286,0.922241346
sens,6.779755284,2.603554229,5.071428571,1.385869734
sept,4.424916574,1.399692747,5.214285714,1.618347187
serf,10.76121795,2.77931923,2.428571429,0.835710894
serre,8.850945495,2.773530804,3.857142857,1.778769565
ses,5.366666667,1.946408422,6.678571429,0.722832465
set,10.41490545,2.983106557,3.321428571,1.020296668
seuil,10.1797619,2.60613776,4.285714286,1.356933986
seul,5.565072303,1.960908282,5.678571429,1.306779231
sève,8.740823137,2.501612383,2.964285714,0.83808171
sexe,8.559510567,2.692083176,5.464285714,1.137969044
short,5.458286986,2.132190554,3.464285714,0.881166855
show,11.21904762,1.942861972,4.035714286,1.231745009
si,5.669632925,2.363249085,6.928571429,0.262265264
siècle,8.492769744,2.224013615,3.892857143,1.342724861
siège,6.136818687,2.42877021,5.071428571,1.274495439
sien,5.637374861,2.127141552,5.857142857,1.325373063
sieste,4.537263626,1.979464465,5.035714286,1.104943198
sigle,11.61904762,2.279342515,3.285714286,1.083791112
signe,6.811904762,2.347901974,5.107142857,1.165532328
simple,6.638487208,1.85958719,5.464285714,1.104943198
singe,4.709677419,1.232184877,3.428571429,1.199647214
site,10.21666667,2.702914561,5.035714286,1.373887236
six,4.424916574,1.136869877,5.214285714,1.44932022
skate,9.814238042,2.216264415,3.607142857,1.13330999
sketch,10.45606229,2.404297228,3.892857143,1.286375491
ski,6.887652948,2.048865409,3.107142857,1.314852075
skier,7.34705228,2.407425788,2.785714286,0.994694923
skieur,7.436904762,2.011747111,3.035714286,0.961562881
slave,12.49054505,2.871813334,2.678571429,1.156417566
slip,5.174638487,1.651978286,4.464285714,0.999338405
slow,10.27586207,2.049390153,3.214285714,0.875897121
snack,11.73859844,2.486955214,4.5,1.503083251
snob,11.38598443,2.713169792,3.642857143,1.095928009
sobre,11.67408231,1.946598909,3.857142857,1.268252975
socle,10.25119048,2.059181848,3.321428571,1.020296668
soeur,4.17352614,1.760376304,5.785714286,1.227980663
soi,8.955952381,3.092631212,5.607142857,1.314852075
soie,9.816462736,2.385890425,3.5,1.071516751
soif,4.604004449,2.528121407,6.142857143,1.177388375
soin,7.453837597,2.608917709,4.785714286,1.370513363
soir,4.852057842,1.96966238,6.142857143,1.177388375
soit,8.847608454,3.149330019,5.714285714,1.356933986
sol,5.421579533,2.261410731,4.785714286,1.257780021
solde,10.56284761,2.468293564,4.142857143,1.145499591
sombre,7.530589544,2.629035556,4.214285714,1.397276262
somme,7.066740823,2.393539692,4.821428571,1.278122797
son,5.953571429,2.261369741,6,1.305260014
sonde,12.27697442,1.99137927,3.607142857,1.523623501
songe,10.58214286,2.230664042,3.428571429,1.103146054
sort,6.994438265,2.034646148,4.785714286,1.397276262
sorte,8.21134594,2.513191006,5.285714286,1.383959506
sot,8.847619048,2.598850321,3.25,1.265642861
sou,6.06785317,2.272793743,4.178571429,1.785820103
souche,9.357063404,3.050118982,3.214285714,0.875897121
soude,10.91826309,2.677676369,3.25,1.205696356
souffle,6.21134594,2.591549543,4.285714286,1.181873681
soufre,11.67074527,2.618380029,3.285714286,1.272418021
souk,11.24249166,3.790196749,3.107142857,1.030615987
soupe,4.783092325,1.465003945,4.107142857,1.286375491
souple,7.597330367,2.371878254,4.535714286,1.318869967
source,7.922135706,2.435401978,4.357142857,1.366647309
sourd,6.816462736,1.938850119,4.285714286,1.242969648
sous,5.389321468,2.163231354,6.142857143,1.325373063
spasme,12.95952381,2.330211376,3.178571429,1.218790275
spectre,11.9202381,2.920596695,3.25,1.1426091
sphère,10.5272525,2.519173785,3.107142857,0.956044541
sphinx,9.674082314,2.335789798,2.642857143,0.869835477
sport,6.137931034,1.632993162,4.928571429,0.899735411
spot,11.20689655,2.503331114,3.678571429,1.248808956
spray,10.1701891,2.528971911,3.964285714,1.400585667
sprint,10.39880952,2.393717832,3.142857143,0.890870806
squash,12.95054945,2.967192748,2.857142857,1.145499591
stable,9.489432703,2.522159853,4.178571429,0.944911183
stade,7.705228031,2.263311875,4.392857143,1.100144291
stage,11.31701891,2.914553766,4.428571429,1.03381965
stand,9.545238095,2.651393041,3.321428571,1.188013325
star,8.496106785,1.99461641,4.785714286,1.066567456
steak,6.58452381,2.658536457,4.821428571,1.334820599
stock,10.10233593,2.822337931,4.071428571,0.857583661
stop,4.994438265,1.899065984,5.821428571,1.218790275
stress,10.70967742,2.579072101,5.285714286,1.356933986
stretch,13.21428571,2.98270879,3.071428571,0.978607152
strict,8.598442714,2.259032051,4.071428571,1.184109962
string,13.3192436,1.843325653,4.785714286,1.315354983
style,10.02558398,2.46262383,5.142857143,1.483596374
su,8.075555556,2.044379412,4.785714286,1.618347187
suant,9.994047619,2.290660699,3.107142857,1.100144291
sucre,4.35483871,1.346440948,5.75,0.967049733
sud,7.033370412,1.224305816,4.357142857,1.520581899
suée,9.449553001,2.824941693,3.5,0.962250449
suer,8.639599555,2.350017158,3.964285714,1.104943198
sueur,8.600667408,2.061943962,4.035714286,0.999338405
suite,6.847619048,1.659524929,5.607142857,1.227441957
suivre,6.352614016,2.472646051,5.285714286,1.212806444
sur,4.959955506,1.984889152,6.678571429,0.772373515
sûr,6.808333333,2.385058856,5.821428571,1.278122797
surf,9.844271413,2.43407707,3.035714286,1.261455446
table,4.069047619,1.595971941,6.285714286,0.975900073
tache,5.59047619,2.431592827,4.642857143,1.339272487
tâche,7.600667408,2.591964423,5.285714286,1.181873681
tacle,11.16685206,2.805907746,3.25,1.1426091
tact,11.32261905,2.809875851,3.428571429,1.069044968
tag,10.63626251,2.433635274,3.535714286,0.999338405
taille,5.846428571,2.053592311,4.678571429,1.306779231
tant,7.705228031,2.618380029,5.928571429,1.412341671
tante,5.457174638,1.896799795,3.928571429,1.245096201
tape,5.219132369,1.742572564,4.428571429,1.168366109
tard,6.351501669,2.455189807,5.928571429,1.331347728
tarte,5.244716352,2.314517066,4.392857143,1.286375491
tas,6.104560623,2.588228106,4.5,1.503083251
tasse,5.778642937,2.141248756,5.5,1
taupe,6.741935484,2.111412919,3.178571429,0.818923025
taux,12.23804227,2.890845767,4.75,1.265642861
taxe,11.59510567,2.768486252,3.857142857,1.325373063
te,5.351501669,2.482194658,6.392857143,1.13330999
teigne,10.31813126,2.56527682,3.428571429,0.959497223
teindre,9.438095238,1.910647721,3.892857143,1.286375491
teint,9.433333333,2.403063179,4.071428571,1.015749
teinte,9.530589544,2.290231711,3.535714286,0.881166855
tel,8.709677419,2.405191518,6,1.122167215
temple,9.552380952,2.112905066,3.25,0.844371342
temps,5.992213571,1.978377743,6.178571429,0.944911183
tendre,7.848275862,2.736723437,4.607142857,1.227441957
tente,6.744160178,1.500537538,3.571428571,1.47644647
terme,10.41762452,2.169538327,4.75,1.481365736
terne,10.09788654,2.721479673,3.571428571,0.790151014
terre,4.77753059,1.876853922,4.75,1.481365736
tes,5.283648498,1.606438658,6.785714286,0.498675494
test,9.03003337,2.261886167,5,1.154700538
tête,3.923248053,1.856693789,5.25,1.1426091
texte,6.526140156,2.06507049,5.571428571,1.199647214
thé,7.285873192,2.08476295,5.25,1.322875656
thème,10.06562848,2.328874388,4.785714286,1.423536099
thermes,11.55951057,2.765377339,3.25,1.322875656
thèse,14.5452381,2.545223157,4.035714286,1.477789712
thon,6.63403782,2.538732221,3.964285714,1.07089934
thym,9.561735261,3.164317182,3.607142857,1.030615987
tic,8.139043382,2.89233321,4,1.305260014
tiède,6.563959956,2.074421801,4.928571429,1.11980724
tien,5.318131257,2.060900732,6.214285714,1.315354983
tiers,10.63292547,3.302003302,4.142857143,1.177388375
tige,7.312569522,2.515756796,3.642857143,1.12921755
tigre,4.994047619,2.134823474,3.142857143,1.177388375
timbre,6.530589544,1.54223689,4.285714286,1.383959506
tique,8.630952381,2.353769293,3.035714286,0.922241346
tir,7.35483871,1.792457315,4,1.154700538
titre,6.888765295,1.783436335,5.035714286,1.598196735
toast,9.493882091,2.959584394,3.607142857,0.994029797
toc,9.770238095,4.065696134,3.714285714,1.356933986
toi,4.176863181,1.688035061,6.821428571,0.611832186
toile,7.746384872,1.799043952,3.785714286,0.917207633
toit,5.779755284,2.027764275,3.928571429,1.245096201
tôle,9.885428254,3.091785857,3.25,1.377732974
tombe,7.291666667,2.666307447,4.107142857,1.547741143
tome,10.37420179,2.931903667,3.357142857,1.253566341
ton,5.392658509,1.838068177,6.357142857,1.19301317
tondre,7.58452381,1.86590707,3.607142857,1.257254084
tong,8.56618465,3.324396622,3.357142857,1.366647309
tonne,8.355951057,2.055676641,3.607142857,1.165532328
top,9.098998888,2.604380099,5.321428571,1.44154165
torche,8.167964405,2.37685977,3.357142857,1.311326321
tordre,7.741935484,2.567371779,3.75,0.844371342
tort,7.886540601,2.438490631,4.928571429,1.152407188
tôt,6.213570634,1.621097464,5.928571429,1.015749
touche,5.954761905,2.448551061,5.392857143,1.370030703
touffe,8.707452725,2.718712535,3.928571429,1.08622934
tourte,9.139043382,2.726216804,3.571428571,1.372442306
tous,5.493882091,1.700727232,6.678571429,0.669636243
tout,6.027808676,2.676058729,6.642857143,0.780042056
toux,6.9243604,2.182038112,3.892857143,0.994029797
trac,9.600667408,2.172160116,3.678571429,1.090483122
trace,7.028921023,1.753031169,4.285714286,1.11744228
tract,11.67943806,2.622374361,3.75,1.004618962
train,5.068965517,1.932183566,4.285714286,1.181873681
traîne,7.777380952,2.860953944,4.142857143,1.458418365
traire,7.285714286,2.212815339,2.928571429,1.08622934
trait,5.172413793,2.569046516,4.392857143,1.342724861
traite,8.918263091,3.177817202,3.857142857,1.353029132
traître,10.02669633,2.825003568,3.571428571,0.997350989
trame,14.46071429,12.00675097,3.392857143,1.227441957
tranche,6.280311457,2.432309403,5.035714286,1.477789712
transe,12.66071429,2.161576691,3.142857143,0.84827868
trappe,9.280311457,2.140746528,3.178571429,0.818923025
traque,10.88095238,2.590877009,3.535714286,1.170063083
trèfle,6.476190476,2.154919525,3.285714286,1.013141168
treize,5.244716352,1.300124064,4.928571429,1.537881454
trente,5.781979978,1.375671879,4.642857143,1.366647309
très,5.213570634,1.514801524,6.392857143,1.100144291
tresse,6.209121246,1.730808749,3.5,0.922958207
trêve,10.95550612,2.465678384,3.285714286,1.11744228
tri,7.562847608,2.241831049,4.75,1.174576362
triche,6.282536151,2.088370255,4,1.088662108
tringle,9.920238095,2.648139664,3.107142857,0.831744517
triple,8.605116796,1.785846385,3.928571429,1.11980724
triste,5.349276974,1.96200468,4.857142857,1.353029132
troc,10.20355951,2.560661877,3.142857143,0.970463261
trompe,6.850945495,2.66316975,4.25,1.601503923
tronc,6.066740823,1.80620198,3.678571429,1.156417566
trône,7.657142857,2.698658671,3.035714286,0.792658109
trop,5.672969967,1.929956264,6.25,1.350582865
trot,8.450500556,2.632305502,3.178571429,1.278122797
trotte,7.890989989,2.395784829,3.857142857,1.325373063
trou,4.994438265,1.984889152,4.535714286,1.400585667
trouble,9.76547619,2.608782691,4.571428571,1.288943622
trouille,7.280311457,2.526419541,4.214285714,0.956736074
troupe,9.387096774,2.667204247,3.964285714,0.961562881
trousse,8.020022247,10.93244161,4.821428571,1.492042384
truc,5.282536151,2.023517644,5.75,1.294575578
truffe,9.34705228,3.14044035,3.357142857,1.026114055
truie,7.325,2.591098822,2.857142857,0.705233647
truite,9.80756396,10.65136672,3.25,0.967049733
tu,3.959955506,1.790656755,6.75,0.700528901
tube,7.747497219,1.92158089,4.357142857,1.026114055
tué,6.711902113,1.279280712,4.428571429,1.619981057
tuer,6.854282536,2.124612552,4.5,1.452966315
tueur,7.639599555,2.03041391,4.107142857,0.916486274
tuile,7.281423804,2.001612253,3.464285714,1.07089934
turc,10.10595238,2.941772083,3.857142857,1.580302027
type,8.713014461,1.868815967,5.428571429,1.345185418
un,3.461624027,1.308368433,6.75,0.799305254
urne,9.921023359,2.383184821,3.035714286,0.83808171
vache,4.17352614,1.68293139,3.607142857,1.13330999
vague,6.49054505,2.246622315,3.785714286,1.343217333
vain,11.51428571,2.567703925,3.571428571,1.372442306
vaincre,9.51547619,2.284631312,3.964285714,1.290482048
valse,8.532814238,2.540849066,2.964285714,1.104943198
valve,11.52502781,3.180248181,2.892857143,0.956044541
vanne,10.92081737,2.401251726,3.75,1.205696356
vase,6.066740823,2.064549731,3.607142857,1.030615987
vasque,12.26086957,2.692582404,2.607142857,0.916486274
vaste,9.480952381,2.080008842,4,1.154700538
veau,5.919911012,2.675656888,3.428571429,0.920087412
veille,8.46051168,2.345895523,4.571428571,1.47644647
veine,8.954761905,2.434427403,4.107142857,1.370030703
vendre,6.779755284,1.801433121,4.857142857,1.112697281
vent,4.73452381,1.381736372,4.785714286,1.066567456
vente,7.462736374,1.875707752,4.535714286,1.261455446
ventre,4.17816092,1.7436255,5.535714286,1.231745009
ver,6.713014461,2.821194744,3.357142857,1.253566341
verbe,6.604004449,1.609781926,5.107142857,1.448863813
verre,4.245828699,1.784039153,6.464285714,0.83808171
vers,7.177975528,2.339469658,5.857142857,1.43279798
vert,3.963292547,1.388896057,4.714285714,1.356933986
veste,6.070077864,2.21335147,5.5,1.03637545
veuf,10.49425287,2.318802987,3.142857143,1.044005311
via,12.34593993,3.250475565,4.178571429,1.564740457
viande,4.745272525,1.94383503,5.607142857,1.286375491
vice,11.38264739,2.797079891,3.535714286,1.035737092
vide,5.926585095,2.093512765,5.25,1.322875656
vie,6.063403782,2.161739642,5.285714286,1.436486012
vierge,9.885428254,2.8564208,3.857142857,1.380131119
vieux,5.177975528,1.485412944,5.071428571,1.412341671
vif,8.957730812,2.140244183,3.964285714,1.104943198
vigne,8.420467186,2.891589584,3,0.7200823
ville,6.028921023,1.951012971,5.357142857,1.366647309
vin,6.266922095,2.335736506,4.535714286,1.231745009
vingt,5.674082314,1.43384587,4.75,1.530553035
viol,11.8487208,2.304740323,3.785714286,1.133893419
viole,11.73095238,2.300424748,3.75,1.1426091
vis,7.389321468,2.193832999,4.357142857,1.471061237
vite,4.890989989,1.392761626,5.857142857,1.112697281
vitre,6.101223582,2.393539692,4.714285714,1.083791112
vive,9.728571429,8.231981368,4.928571429,1.585316219
vivre,6.529477197,1.81747787,5.142857143,1.353029132
voeu,7.182142857,2.733571618,3.178571429,0.772373515
vogue,11.88122605,2.596416629,3.142857143,1.078898125
voie,8.295238095,1.910647721,4.428571429,1.345185418
voile,7.677419355,2.470470766,3.428571429,0.997350989
voir,5.066740823,2.096592217,6.071428571,1.184109962
voix,5.767857143,2.02994819,4.964285714,1.373887236
vol,6.674082314,1.670103982,4,1.054092553
volt,11.46718576,2.953401538,3.214285714,0.786795792
vos,5.889877642,1.904719662,6.678571429,0.547964005
vote,9.134593993,2.481328122,3.928571429,1.463850109
votre,6.464961068,2.406532329,6.535714286,0.692934867
vous,5.278086763,1.878571867,6.821428571,0.475594866
voûte,10.59621802,3.078891017,2.892857143,0.916486274
vrac,9.286904762,2.355965771,4.285714286,1.11744228
vu,4.926585095,2.093512765,6.107142857,1.030615987
vue,6.463848721,2.1577567,5.5,1.170628195
zèbre,7.414905451,11.13697706,2.785714286,0.629940788
zèle,11.66309524,3.223655382,2.892857143,1.100144291
zen,11.31590656,2.634347158,4.642857143,1.496026483
zinc,12.49499444,2.61468146,2.5,0.793492048
zone,8.991101224,2.932208973,4.678571429,1.248808956
zoom,10.03337041,2.136724455,4.428571429,0.997350989
FALSE,5.245828699,1.499820778,6.178571429,1.055973184
TRUE,4.745272525,1.782833313,6.464285714,0.881166855
