word_english,length,familiar_mean,familiar_n,aoa_subjective_mean,aoa_subjective_n,transparency_mean,transparency_n,lmd_mean,lmd_n,imagine_mean,imagine_n,ser_mean,ser_n,familiar_z,aoa_zscore,transparency_z,lmd_zscore,imagine_zscore,ser_zscore
aboveground,11,5.86,14,3.93,15,6.2,15,4,15,3.9,21,2.47,15,-0.03,-0.56,1.39,-0.75,-0.3,-0.44
airbase,7,5.21,14,5.47,15,4.27,15,5.87,15,3.81,21,2.33,15,-0.61,0.75,-0.22,0.56,-0.36,-0.56
airborne,8,6.5,14,5.47,15,3.86,14,3.13,15,4.1,21,3.93,15,0.55,0.75,-0.56,-1.35,-0.17,0.97
aircraft,8,6.86,14,3.93,15,4.53,15,4.27,15,5.86,21,3.67,15,0.88,-0.56,0,-0.56,0.98,0.72
airfield,8,4.36,14,5.13,15,4.33,15,5.71,14,3.86,21,2.53,15,-1.39,0.46,-0.16,0.45,-0.33,-0.37
airflow,7,6.21,14,4.53,15,6,13,4.87,15,3.86,21,3.8,15,0.29,-0.05,1.23,-0.14,-0.33,0.85
airlift,7,4.86,14,5.8,15,5.33,15,5.53,15,4.29,21,2.73,15,-0.94,1.03,0.67,0.32,-0.05,-0.18
airline,7,6.71,14,4,15,3.07,14,3.33,15,4.71,21,3.6,15,0.75,-0.5,-1.22,-1.21,0.23,0.65
airmail,7,5,14,5.6,15,5.4,15,6.71,14,3.95,21,1.87,15,-0.81,0.86,0.73,1.15,-0.27,-1.01
airplane,8,6.93,14,1.93,15,5.73,15,5.6,15,6.76,21,4.2,15,0.94,-2.27,1,0.37,1.57,1.23
airport,7,6.93,14,2.6,15,4.21,14,5.27,15,6.33,21,4.8,15,0.94,-1.7,-0.26,0.14,1.29,1.81
airsick,7,3.43,14,5.07,14,4.42,12,6.47,15,3.71,21,3.93,15,-2.24,0.41,-0.09,0.98,-0.42,0.97
airspace,8,4.21,14,5.33,15,5.54,13,4.86,14,3.9,21,2.87,15,-1.52,0.64,0.84,-0.15,-0.3,-0.05
airstrip,8,4.71,14,5.13,15,3.62,13,5.6,15,4.57,21,3.67,15,-1.07,0.46,-0.76,0.37,0.14,0.72
airtight,8,6.5,14,5.13,15,5,15,5.07,15,3.9,21,2.53,15,0.55,0.46,0.39,0,-0.3,-0.37
alongside,9,6.43,14,4.53,15,5.57,14,4.67,15,4.1,21,2.6,15,0.49,-0.05,0.87,-0.28,-0.17,-0.31
anchorman,9,6.57,14,5.8,15,3.27,15,6.4,15,5.05,21,2.47,15,0.62,1.03,-1.05,0.93,0.45,-0.44
awesome,7,7,14,3.2,15,3.21,14,2.53,15,2.19,21,2.57,14,1.01,-1.19,-1.1,-1.77,-1.42,-0.34
awestruck,9,5.93,14,6.2,15,5,15,3.27,15,3.05,21,2.93,15,0.04,1.38,0.39,-1.26,-0.86,0.01
backache,8,6.36,14,3.33,15,6.43,14,5.2,15,4.14,21,5.2,15,0.42,-1.07,1.58,0.09,-0.14,2.19
backbone,8,6.29,14,3.4,15,6.29,14,4.73,15,4.9,21,3.4,15,0.36,-1.02,1.46,-0.24,0.36,0.46
backdrop,8,6.21,14,5,15,3.46,13,3.13,15,4.38,21,2.33,15,0.29,0.35,-0.89,-1.35,0.01,-0.56
backfire,8,6.5,14,4.6,15,3.64,14,4.36,14,3.71,21,2.73,15,0.55,0.01,-0.74,-0.5,-0.42,-0.18
background,10,6.64,14,3.47,15,3.5,14,3.6,15,3.81,21,2.27,15,0.68,-0.96,-0.86,-1.03,-0.36,-0.63
backhand,8,6.43,14,4.87,15,4.86,14,5.07,15,4.9,21,3.47,15,0.49,0.24,0.27,0,0.36,0.53
backlash,8,6,14,5.67,15,3.71,14,6,15,2.52,21,3.07,15,0.1,0.92,-0.68,0.65,-1.2,0.14
backless,8,5.5,14,5.6,15,3.64,14,3.07,15,4.29,21,3.67,15,-0.35,0.86,-0.74,-1.4,-0.05,0.72
backlog,7,3.57,14,6.47,15,2.91,11,4.8,15,1.95,21,1.73,15,-2.11,1.6,-1.35,-0.19,-1.57,-1.14
backpack,8,7,14,2.2,15,6,14,5.33,15,6.81,21,4.6,15,1.01,-2.04,1.23,0.18,1.6,1.62
backseat,8,6.57,14,2.6,15,6.07,14,6.4,15,6.43,21,3.6,15,0.62,-1.7,1.28,0.93,1.35,0.65
backside,8,6.79,14,3.4,15,5.13,15,3.8,15,4.81,21,2.4,15,0.81,-1.02,0.5,-0.89,0.29,-0.5
backslide,9,4.29,14,5.8,15,3.33,15,4.75,12,2.33,21,1.6,15,-1.46,1.03,-1,-0.22,-1.32,-1.27
backstage,9,6.71,14,4.27,15,5.71,14,5.53,15,5.86,21,4.2,15,0.75,-0.28,0.99,0.32,0.98,1.23
backstroke,10,6.71,14,3.47,15,4.93,15,6.33,15,6.24,21,3.73,15,0.75,-0.96,0.34,0.88,1.23,0.78
backtrack,9,6.21,14,4.4,15,5.07,14,3.67,15,3.43,21,2.13,15,0.29,-0.16,0.45,-0.98,-0.61,-0.76
backup,6,6.79,14,4.07,15,3.73,15,4.2,15,3.29,21,2.67,15,0.81,-0.45,-0.66,-0.61,-0.7,-0.24
backwash,8,6.43,14,4.6,15,3.5,14,5.2,15,4.86,21,3.93,15,0.49,0.01,-0.86,0.09,0.32,0.97
backwater,9,4.71,14,5.6,15,3.27,11,5.92,12,2.52,21,2.8,15,-1.07,0.86,-1.05,0.59,-1.2,-0.12
backyard,8,7,14,2.07,15,5.8,15,5.67,15,6.14,21,3.33,15,1.01,-2.16,1.06,0.42,1.17,0.4
bagpipe,7,6.64,14,4.4,15,4.46,13,5.93,15,6.52,21,4.87,15,0.68,-0.16,-0.06,0.6,1.41,1.87
banknote,8,5.14,14,5.87,15,5,15,5.4,15,5.1,21,2.07,15,-0.68,1.09,0.39,0.23,0.48,-0.82
bankroll,8,4.86,14,6.6,15,3.53,15,3.86,14,3.38,21,1.87,15,-0.94,1.72,-0.83,-0.85,-0.64,-1.01
basketball,10,7,14,2.33,15,5.64,14,6.27,15,6.95,21,4.73,15,1.01,-1.93,0.93,0.84,1.69,1.74
batman,6,6.93,14,2.6,15,4.86,14,5.67,15,6.86,21,4.53,15,0.94,-1.7,0.27,0.42,1.63,1.55
bearskin,8,5,14,4.6,15,6.2,15,5.13,15,5.14,21,3.07,15,-0.81,0.01,1.39,0.04,0.51,0.14
beefsteak,9,5.5,14,5.53,15,5.8,15,5.36,14,5.9,21,3.07,15,-0.35,0.81,1.06,0.2,1.01,0.14
beehive,7,6.86,14,3,15,5.6,15,5.87,15,6.43,21,3.6,15,0.88,-1.36,0.89,0.56,1.35,0.65
beeline,7,4.79,14,5.27,15,3.21,14,6.93,14,2.57,21,1.4,15,-1,0.58,-1.1,1.3,-1.17,-1.46
beetroot,8,4.14,14,6.27,15,5.36,11,4.73,15,3.38,21,2.67,15,-1.59,1.43,0.69,-0.24,-0.64,-0.24
beforehand,10,6.71,14,4.67,15,3.6,15,2.27,15,1.43,21,1.07,15,0.75,0.07,-0.78,-1.96,-1.92,-1.78
bellboy,7,6.14,14,5.47,15,3.62,13,7,15,5.05,21,2.93,15,0.23,0.75,-0.76,1.35,0.45,0.01
bellhop,7,5.64,14,5.33,15,2.5,12,4.07,14,3.81,21,2.8,15,-0.22,0.64,-1.69,-0.7,-0.36,-0.12
bittersweet,11,6.64,14,5,15,4.93,14,4.6,15,3.62,21,4.4,15,0.68,0.35,0.33,-0.33,-0.48,1.42
blindfold,9,6.71,14,2.8,15,3.93,15,2.87,15,6.57,21,3.27,15,0.75,-1.53,-0.5,-1.54,1.45,0.33
boardroom,9,5.57,14,5.73,15,4.8,15,6.33,15,5.29,21,1.93,15,-0.29,0.98,0.23,0.88,0.61,-0.95
boardwalk,9,6.64,14,3.67,15,4.4,15,6.13,15,6.24,21,2.87,15,0.68,-0.79,-0.11,0.74,1.23,-0.05
bodyguard,9,6.93,14,4.13,15,5.64,14,7.27,15,6.1,21,3.2,15,0.94,-0.39,0.93,1.54,1.13,0.27
borderline,10,6.43,14,5.27,15,5.77,13,3.53,15,4.14,21,2.73,15,0.49,0.58,1.03,-1.07,-0.14,-0.18
bottleneck,10,5.21,14,6.13,15,4.6,15,4.93,15,5.05,21,2.4,15,-0.61,1.32,0.06,-0.1,0.45,-0.5
boyfriend,9,7,14,3.6,15,5.73,15,4.4,15,4.9,21,3.07,15,1.01,-0.85,1,-0.47,0.36,0.14
boyhood,7,6.64,14,4.67,15,3.64,14,1.87,15,3.38,21,2.73,15,0.68,0.07,-0.74,-2.24,-0.64,-0.18
briefcase,9,6.93,14,3.67,15,3.93,15,7.07,15,6.14,21,1.8,15,0.94,-0.79,-0.5,1.4,1.17,-1.08
broomstick,10,6.64,14,3.13,15,6.2,15,4,15,6.1,21,2.73,15,0.68,-1.25,1.39,-0.75,1.13,-0.18
brotherhood,11,6.93,14,4.27,15,4,15,2,15,3.29,21,2.53,15,0.94,-0.28,-0.44,-2.15,-0.7,-0.37
brownstone,10,4.79,14,5.2,15,4.09,11,5.93,15,4.76,21,3.87,15,-1,0.52,-0.37,0.6,0.26,0.91
bulletproof,11,6.79,14,4.8,15,5.53,15,4.73,15,4.14,21,3.2,15,0.81,0.18,0.84,-0.24,-0.14,0.27
bumpkin,7,3.71,14,6,15,1.6,10,6.17,12,2.81,21,2.8,15,-1.98,1.21,-2.44,0.77,-1.01,-0.12
businesslike,12,5.57,14,5.27,15,5,13,2.33,15,4.62,21,3.27,15,-0.29,0.58,0.39,-1.91,0.17,0.33
businessman,11,6.86,14,3.93,15,5.86,14,3.53,15,5.9,21,3.93,15,0.88,-0.56,1.11,-1.07,1.01,0.97
busybody,8,4.36,14,4.67,15,4,13,3.2,15,3.33,21,2.87,15,-1.39,0.07,-0.44,-1.31,-0.67,-0.05
buttonhole,10,5.79,14,3.73,15,5.64,14,4.73,15,6.05,21,2.6,15,-0.09,-0.73,0.93,-0.24,1.1,-0.31
calfskin,8,3.86,14,5.67,15,5.17,12,5.67,15,3.48,21,2.93,15,-1.85,0.92,0.53,0.42,-0.58,0.01
campfire,8,7,14,2.93,15,5.93,14,6.67,15,6.76,21,5.47,15,1.01,-1.42,1.17,1.12,1.57,2.45
campground,10,6.79,14,3.73,15,5.57,14,3.8,15,6.19,21,4.33,15,0.81,-0.73,0.87,-0.89,1.2,1.36
campsite,8,6.86,14,3.2,15,5.86,14,3.87,15,6.05,21,4.8,15,0.88,-1.19,1.11,-0.84,1.1,1.81
cannonball,10,6.43,14,3.2,15,6.27,15,5.07,15,5.95,21,4.07,15,0.49,-1.19,1.45,0,1.04,1.1
carefree,8,6.79,14,4.73,15,5.6,15,5.8,15,2.95,21,1.93,15,0.81,0.12,0.89,0.51,-0.92,-0.95
carryall,8,3.71,14,6.27,15,4.62,13,4,12,2.62,21,1.27,15,-1.98,1.43,0.07,-0.75,-1.14,-1.59
carryout,8,5.86,14,5.2,15,4.6,15,5,15,3.38,21,1.93,15,-0.03,0.52,0.06,-0.05,-0.64,-0.95
cartwheel,9,6.86,14,2.87,15,3.07,14,7.2,15,6.62,21,3.53,15,0.88,-1.47,-1.22,1.49,1.48,0.59
castaway,8,6.21,14,5.53,15,4.5,14,5.2,15,4.48,21,3,15,0.29,0.81,-0.03,0.09,0.08,0.08
castoff,7,5,14,5.4,15,4.33,15,4.93,14,2.19,21,1.47,15,-0.81,0.69,-0.16,-0.1,-1.42,-1.4
censorship,10,6.57,14,6.27,15,3.07,15,2.13,15,3.1,21,2,15,0.62,1.43,-1.22,-2.05,-0.83,-0.88
chamberlain,11,3.43,14,6.4,15,2.89,9,3.56,9,2.29,21,1.67,15,-2.24,1.55,-1.37,-1.06,-1.36,-1.21
chambermaid,11,4.36,14,6.13,15,5.08,13,7.13,15,3.86,21,2.47,15,-1.39,1.32,0.46,1.44,-0.33,-0.44
cheapskate,10,5.86,14,5.27,15,2,15,2,15,2.67,21,1.8,15,-0.03,0.58,-2.11,-2.15,-1.11,-1.08
cheekbone,9,6.29,14,4.13,15,6.67,15,5.27,15,6.19,21,3.2,15,0.36,-0.39,1.78,0.14,1.2,0.27
chestnut,8,6.21,14,3.93,15,2.33,15,8,15,5.14,21,2.4,15,0.29,-0.56,-1.83,2.05,0.51,-0.5
chickenpox,10,6.93,14,2.53,15,2.43,14,7.93,15,6.43,21,4.8,15,0.94,-1.76,-1.75,2,1.35,1.81
choirboy,8,5.57,14,5.13,15,5.93,15,5.13,15,5,21,2.47,15,-0.29,0.46,1.17,0.04,0.42,-0.44
chopstick,9,7,14,3.67,15,2.86,14,7.33,15,6.76,21,4.6,15,1.01,-0.79,-1.39,1.58,1.57,1.62
clambake,8,4.57,14,5.47,15,5.4,15,5.25,12,4,21,2.53,15,-1.2,0.75,0.73,0.13,-0.24,-0.37
clamshell,9,5.64,14,4.5,14,6.54,13,4.87,15,5.71,21,3.87,15,-0.22,-0.08,1.67,-0.14,0.89,0.91
claptrap,8,1.57,14,7,14,2.36,14,6.5,8,1.43,21,1.67,15,-3.93,2.06,-1.81,1,-1.92,-1.21
classmate,9,6.93,14,2.93,15,5.86,14,5,15,5.48,21,3.8,15,0.94,-1.42,1.11,-0.05,0.73,0.85
classroom,9,7,14,2.47,15,5.8,15,5.4,15,6.1,21,3.2,15,1.01,-1.81,1.06,0.23,1.13,0.27
cleanup,7,6.5,14,2.4,15,3.86,14,1.47,15,4.52,21,3,15,0.55,-1.87,-0.56,-2.52,0.11,0.08
clergyman,9,6.14,14,5.6,15,6,14,3.87,15,5.19,21,3.2,15,0.23,0.86,1.23,-0.84,0.54,0.27
cliffhanger,11,6.5,14,4.73,15,4,15,6.4,15,3.67,21,3.13,15,0.55,0.12,-0.44,0.93,-0.45,0.21
clipboard,9,6.93,14,3.27,15,5.64,14,6.33,15,6.62,21,3.73,15,0.94,-1.13,0.93,0.88,1.48,0.78
cloakroom,9,4.86,14,5.6,15,5.87,15,6.38,13,3.81,21,1.6,15,-0.94,0.86,1.11,0.92,-0.36,-1.27
closeup,7,6.14,14,4.27,15,4.15,13,2.93,15,5.33,21,3.07,15,0.23,-0.28,-0.31,-1.49,0.64,0.14
cloverleaf,10,5.36,14,4.27,15,5.79,14,6.14,14,5.62,21,3.27,15,-0.48,-0.28,1.05,0.75,0.82,0.33
coachman,8,5,14,5.13,15,4.58,12,4.73,15,4.19,21,2.47,15,-0.81,0.46,0.04,-0.24,-0.11,-0.44
coastline,9,6.79,14,4.07,15,5.77,13,3.53,15,5.86,21,4.87,15,0.81,-0.45,1.03,-1.07,0.98,1.87
cobweb,6,6.71,14,2.73,15,3.13,15,7.87,15,6.19,21,3.8,15,0.75,-1.59,-1.16,1.96,1.2,0.85
codfish,7,5.14,14,4.93,15,5.2,15,6.67,15,4.76,21,2.87,15,-0.68,0.29,0.56,1.12,0.26,-0.05
coffeepot,9,6.86,14,3.4,15,6.29,14,4.47,15,6.62,21,5.4,15,0.88,-1.02,1.46,-0.42,1.48,2.38
collarbone,10,6.36,14,4.4,15,6.29,14,5.87,15,6.05,21,5.2,15,0.42,-0.16,1.46,0.56,1.1,2.19
comeback,8,6.79,14,4.67,15,5.14,14,5.67,15,2.86,21,2.13,15,0.81,0.07,0.51,0.42,-0.98,-0.76
commonplace,11,6.29,14,5.47,15,4.85,13,2.87,15,1.81,21,2.13,15,0.36,0.75,0.26,-1.54,-1.67,-0.76
commonwealth,12,5.29,14,6.27,15,3.9,10,4.6,15,2.24,21,2,15,-0.55,1.43,-0.53,-0.33,-1.39,-0.88
congressman,11,6.71,14,5.93,15,6.33,15,4.73,15,4.48,21,2.33,15,0.75,1.15,1.5,-0.24,0.08,-0.56
corkscrew,9,6,14,5.33,15,5,12,4.8,15,5.9,21,3.53,15,0.1,0.64,0.39,-0.19,1.01,0.59
cottontail,10,3.93,14,4.67,15,4.08,12,5.36,14,4.48,21,3.33,15,-1.78,0.07,-0.37,0.2,0.08,0.4
countdown,9,6.79,14,3,15,6.27,15,3.87,15,4.29,21,3.27,15,0.81,-1.36,1.45,-0.84,-0.05,0.33
crossfire,9,5.71,14,5.67,15,4.07,14,5.87,15,3.95,21,3.2,15,-0.16,0.92,-0.38,0.56,-0.27,0.27
crossover,9,6.5,14,5,15,4.93,15,4.53,15,3.33,21,2.2,15,0.55,0.35,0.34,-0.38,-0.67,-0.69
crossroad,9,6.5,14,4.6,15,5.43,14,5.2,15,5.24,21,3.87,15,0.55,0.01,0.75,0.09,0.57,0.91
crosswalk,9,6.93,14,3.33,15,5.2,15,4.93,15,5.86,21,2.93,15,0.94,-1.07,0.56,-0.1,0.98,0.01
crosswind,9,3.79,14,5.6,15,4.55,11,6,14,3.33,21,3.47,15,-1.91,0.86,0.01,0.65,-0.67,0.53
crosswise,9,3.57,14,5.93,15,3.09,11,3.31,13,1.71,21,1.47,15,-2.11,1.15,-1.2,-1.23,-1.73,-1.4
crossword,9,6.93,14,4.67,15,4.57,14,6.6,15,6.43,21,3.4,15,0.94,0.07,0.03,1.07,1.35,0.46
crybaby,7,6.64,14,2.73,15,5.33,15,5.27,15,5.19,21,3.6,15,0.68,-1.59,0.67,0.14,0.54,0.65
cupboard,8,6.64,14,3.2,15,3,15,5.13,15,6.05,21,1.73,15,0.68,-1.19,-1.28,0.04,1.1,-1.14
cupcake,7,7,14,2.2,15,4.8,15,7.07,15,6.57,21,4.07,15,1.01,-2.04,0.23,1.4,1.45,1.1
curbside,8,6.21,14,4.27,15,6,15,3.93,14,5.29,21,2.47,15,0.29,-0.28,1.23,-0.8,0.61,-0.44
daredevil,9,6.07,14,4.4,15,3.71,14,3.07,15,4.9,21,2.8,15,0.16,-0.16,-0.68,-1.4,0.36,-0.12
daresay,7,3.64,14,6.2,15,4.18,11,4.79,14,1.38,21,1.47,15,-2.04,1.38,-0.29,-0.2,-1.95,-1.4
darkroom,8,6.36,14,4.87,15,5.79,14,5.27,15,6.19,21,3.87,15,0.42,0.24,1.05,0.14,1.2,0.91
dartboard,9,6.14,14,4.4,15,5.93,15,5.33,15,6.19,21,2.6,15,0.23,-0.16,1.17,0.18,1.2,-0.31
dashboard,9,6.86,14,4.67,15,3.64,14,7.93,15,6.24,21,3.87,15,0.88,0.07,-0.74,2,1.23,0.91
dateline,8,4.21,14,6,15,2.6,10,4.53,15,1.86,21,1.64,14,-1.52,1.21,-1.61,-0.38,-1.64,-1.23
dimwit,6,5.43,14,5,15,5.67,15,3.53,15,2.57,21,1.2,15,-0.42,0.35,0.95,-1.07,-1.17,-1.65
dipstick,8,3.21,14,6.64,14,3.33,9,5.38,13,2.9,21,2.13,15,-2.43,1.75,-1,0.22,-0.95,-0.76
dockyard,8,4.43,14,5.07,15,5.23,13,2.8,15,4.67,21,3.6,15,-1.33,0.41,0.58,-1.59,0.2,0.65
dovetail,8,3.64,14,5.6,15,3.33,12,5.91,11,3.57,21,1.8,15,-2.04,0.86,-1,0.59,-0.52,-1.08
drainpipe,9,5.36,14,5.47,15,5.86,14,5.87,15,5.14,21,3.07,15,-0.48,0.75,1.11,0.56,0.51,0.14
drawback,8,5.93,14,5.2,15,2.13,15,6.4,15,1.86,21,1.07,15,0.04,0.52,-2,0.93,-1.64,-1.78
drawbridge,10,6.36,14,4.2,15,4.15,13,8.13,15,4.9,21,3.47,15,0.42,-0.33,-0.31,2.14,0.36,0.53
drawstring,10,6.43,14,4.73,15,3.87,15,6.93,15,5.48,21,2,15,0.49,0.12,-0.55,1.3,0.73,-0.88
driftwood,9,6.14,14,4.73,15,4.67,15,6.53,15,4.95,21,2.73,15,0.23,0.12,0.11,1.02,0.39,-0.18
dropout,7,6.79,14,5.27,15,4.33,15,4.73,15,3.62,21,2.47,15,0.81,0.58,-0.16,-0.24,-0.48,-0.44
drugstore,9,6.86,14,4.6,15,6.2,15,5.07,15,5.76,21,3.33,15,0.88,0.01,1.39,0,0.92,0.4
dunghill,8,2.86,14,5.87,15,4.53,15,4.64,11,3.38,21,1.87,15,-2.76,1.09,0,-0.3,-0.64,-1.01
eastbound,9,6.29,14,5.47,15,5.93,15,3.47,15,2.48,21,1.13,15,0.36,0.75,1.17,-1.12,-1.23,-1.72
edgewise,8,3.07,14,6.33,15,2.82,11,2.82,11,1.76,21,1.53,15,-2.56,1.49,-1.43,-1.57,-1.7,-1.33
elsewhere,9,6.5,14,4.53,15,4.6,15,3.53,15,1.57,21,1.4,15,0.55,-0.05,0.06,-1.07,-1.82,-1.46
eyeball,7,6.93,14,2.13,15,5.8,15,3.47,15,6.76,21,3.53,15,0.94,-2.1,1.06,-1.12,1.57,0.59
eyebrow,7,7,14,2.6,15,5.14,14,4.73,15,6.71,21,4.47,15,1.01,-1.7,0.51,-0.24,1.54,1.49
eyelash,7,6.93,14,3,15,5.07,14,4.33,15,6.43,21,4.87,15,0.94,-1.36,0.45,-0.52,1.35,1.87
eyeless,7,5,14,4.13,15,4.38,13,3.67,15,4.76,21,4.33,15,-0.81,-0.39,-0.12,-0.98,0.26,1.36
eyelid,6,6.5,14,3.27,15,6,14,4.4,15,6.05,21,4.8,15,0.55,-1.13,1.23,-0.47,1.1,1.81
eyesight,8,7,14,3.2,15,6.27,15,5,15,3.43,21,3.67,15,1.01,-1.19,1.45,-0.05,-0.61,0.72
eyesore,7,6.21,14,5.93,15,5,15,5.8,15,3.43,21,4,15,0.29,1.15,0.39,0.51,-0.61,1.04
eyestrain,9,4.57,14,5.87,15,5.29,14,6.07,15,3.38,21,3.6,15,-1.2,1.09,0.63,0.7,-0.64,0.65
eyewash,7,5.29,14,4.93,15,6.13,15,5.13,15,3.71,21,3.47,15,-0.55,0.29,1.34,0.04,-0.42,0.53
eyewitness,10,7,14,4.53,15,6.27,15,7.07,15,3.1,21,2.4,15,1.01,-0.05,1.45,1.4,-0.83,-0.5
faceless,8,5.93,14,5.07,15,3.86,14,3.13,15,5.05,21,3.73,15,0.04,0.41,-0.56,-1.35,0.45,0.78
fallout,7,5.57,14,5.53,15,3.36,14,3.93,15,2.52,21,2.67,15,-0.29,0.81,-0.98,-0.79,-1.2,-0.24
falsehood,9,5.43,14,5.87,15,2.86,14,1.67,15,1.62,21,2.13,15,-0.42,1.09,-1.39,-2.38,-1.79,-0.76
fanfare,7,5.43,14,5.67,15,3.87,15,5.14,14,2.71,21,2.33,15,-0.42,0.92,-0.55,0.05,-1.08,-0.56
farewell,8,6.5,14,4,15,3.4,15,4.4,15,3.86,21,3,15,0.55,-0.5,-0.94,-0.47,-0.33,0.08
fatherhood,10,6.43,14,3.4,15,3.86,14,1.4,15,3.95,21,3.4,15,0.49,-1.02,-0.56,-2.57,-0.27,0.46
feedback,8,6.64,14,5.13,15,3,14,5.87,15,2.71,21,3,15,0.68,0.46,-1.28,0.56,-1.08,0.08
fellowship,10,6.36,14,5.87,15,3.07,14,2,15,3,21,2.8,15,0.42,1.09,-1.22,-2.15,-0.89,-0.12
ferryman,8,4.07,14,5,15,5.6,15,5.57,14,4.67,21,1.33,15,-1.65,0.35,0.89,0.35,0.2,-1.53
figurehead,10,4.93,14,6.13,15,3.73,15,3.73,15,3.24,21,1.47,15,-0.87,1.32,-0.66,-0.93,-0.73,-1.4
filmstrip,9,5.29,14,5.67,15,5.64,14,3.77,13,5.43,21,1.87,15,-0.55,0.92,0.93,-0.91,0.7,-1.01
fireball,8,6.36,14,4.2,15,5.21,14,4.87,15,5.81,21,4.27,15,0.42,-0.33,0.57,-0.14,0.95,1.29
firefly,7,6.93,14,3.2,15,4.2,15,7,15,6.19,21,3.53,15,0.94,-1.19,-0.28,1.35,1.2,0.59
firelight,9,3.43,14,4.2,15,5.21,14,5.43,14,4.1,21,2.93,15,-2.24,-0.33,0.57,0.25,-0.17,0.01
fireplace,9,6.93,14,2.67,15,5.86,14,3.93,15,6.67,21,5.47,15,0.94,-1.64,1.11,-0.79,1.51,2.45
firepower,9,5.64,14,4.73,15,4.93,14,5.67,15,3.38,21,3.73,15,-0.22,0.12,0.33,0.42,-0.64,0.78
fireproof,9,6.71,14,4,15,4.79,14,4.2,15,2.71,21,2.67,15,0.75,-0.5,0.21,-0.61,-1.08,-0.24
fireside,8,4.79,14,5,15,4.54,13,4.71,14,4.14,21,3.07,15,-1,0.35,0.01,-0.25,-0.14,0.14
firewood,8,6.93,14,3.33,15,6.33,15,5.73,15,6.29,21,3.6,15,0.94,-1.07,1.5,0.46,1.26,0.65
firsthand,9,6.64,14,5.2,15,3.47,15,3.29,14,1.33,21,1.53,15,0.68,0.52,-0.89,-1.25,-1.98,-1.33
flapjack,8,5,14,4.53,15,1.79,14,4.77,13,4.57,21,2.33,15,-0.81,-0.05,-2.29,-0.21,0.14,-0.56
folklore,8,5.86,14,4.87,15,3.87,15,5,14,2.71,21,1.53,15,-0.03,0.24,-0.55,-0.05,-1.08,-1.33
folktale,8,6.36,14,3.4,15,5.27,15,6.33,15,3.24,21,2,15,0.42,-1.02,0.61,0.88,-0.73,-0.88
foolhardy,9,3.36,14,6.27,15,2.85,13,3.38,13,1.86,21,1.07,15,-2.3,1.43,-1.4,-1.18,-1.64,-1.78
foolproof,9,6.64,14,5.6,15,4.29,14,5.27,15,1.48,21,1.53,15,0.68,0.86,-0.2,0.14,-1.88,-1.33
foothill,8,4.71,14,5.47,15,3.33,15,6.73,15,3.05,21,1.8,15,-1.07,0.75,-1,1.16,-0.86,-1.08
foothold,8,5.21,14,5.67,15,4.8,15,5.15,13,3.71,21,1.4,15,-0.61,0.92,0.23,0.06,-0.42,-1.46
footnote,8,6.14,14,6.4,15,3.29,14,7.73,15,5.48,21,2.93,15,0.23,1.55,-1.04,1.86,0.73,0.01
footpath,8,5.93,14,4.73,15,5.07,14,6.2,15,5.48,21,3.4,15,0.04,0.12,0.45,0.79,0.73,0.46
footprint,9,7,14,2.4,15,6.21,14,4.6,15,6.29,21,4.47,15,1.01,-1.87,1.4,-0.33,1.26,1.49
footrace,8,4.86,14,4.4,15,5.57,14,5.8,15,3.62,21,2.27,15,-0.94,-0.16,0.87,0.51,-0.48,-0.63
footstep,8,6.86,14,3.07,15,6,14,5.2,15,4.62,21,3.6,15,0.88,-1.3,1.23,0.09,0.17,0.65
footstool,9,5.57,14,4.67,15,5.93,14,5.93,15,5.52,21,2.87,15,-0.29,0.07,1.17,0.6,0.76,-0.05
footwear,8,6.79,14,3.6,15,5.79,14,3.67,15,6.1,21,4.53,15,0.81,-0.85,1.05,-0.98,1.13,1.55
footwork,8,6.14,14,4.47,15,5.07,14,3.64,14,4.52,21,3.8,15,0.23,-0.11,0.45,-1,0.11,0.85
fortnight,9,5.79,14,6.13,15,2.55,11,7.13,15,2.14,21,2.33,15,-0.09,1.32,-1.65,1.44,-1.45,-0.56
framework,9,6.21,14,5.33,15,3.43,14,2.73,15,3.57,21,2.67,15,0.29,0.64,-0.92,-1.63,-0.52,-0.24
freshman,8,7,14,5.93,15,3.67,15,4.93,15,4.52,21,2.6,15,1.01,1.15,-0.72,-0.1,0.11,-0.31
freshwater,10,6.86,14,3,15,6,15,6.33,15,4.57,21,3.27,15,0.88,-1.36,1.23,0.88,0.14,0.33
friendship,10,6.93,14,2.07,15,2.8,15,1.47,15,3.43,21,3.27,15,0.94,-2.16,-1.44,-2.52,-0.61,0.33
frostbite,9,6.29,14,4.6,15,3.86,14,2.53,15,5.48,21,4.4,15,0.36,0.01,-0.56,-1.77,0.73,1.42
fruitcake,9,6.43,14,3.8,15,5.13,15,6.27,15,5.81,21,2.67,15,0.49,-0.68,0.5,0.84,0.95,-0.24
gallbladder,11,5.79,14,6.2,15,4.07,15,5.77,13,3.24,21,2.13,15,-0.09,1.38,-0.39,0.49,-0.73,-0.76
gallstone,9,4.07,14,6.47,15,3.38,13,6.36,11,2.9,21,1.93,15,-1.65,1.6,-0.95,0.9,-0.95,-0.95
gangplank,9,2.29,14,5.67,15,2.83,12,7.36,11,3.05,21,1.27,15,-3.28,0.92,-1.41,1.6,-0.86,-1.59
gangway,7,3.43,14,6.27,15,3.1,10,6.57,14,2.33,21,1.8,15,-2.24,1.43,-1.19,1.05,-1.32,-1.08
gentleman,9,6.93,14,3.8,15,5,14,6.93,15,4.86,21,4.2,15,0.94,-0.68,0.39,1.3,0.32,1.23
getaway,7,6.64,14,4.47,15,5.53,15,6.47,15,3.33,21,2.27,15,0.68,-0.11,0.84,0.98,-0.67,-0.63
getup,5,4.71,14,5.13,15,3.36,11,5.47,15,3.1,21,2,15,-1.07,0.46,-0.97,0.28,-0.83,-0.88
gingerbread,11,6.71,14,3.2,15,5.2,15,5.87,15,5.76,21,4.87,15,0.75,-1.19,0.56,0.56,0.92,1.87
girlfriend,10,7,14,3.4,15,5.53,15,3.93,15,4.81,21,3.27,15,1.01,-1.02,0.84,-0.79,0.29,0.33
goalpost,8,6.29,14,3.33,15,5.71,14,5.33,15,6.52,21,3.73,15,0.36,-1.07,0.99,0.18,1.41,0.78
goatherd,8,4.29,14,5.07,15,5.17,12,5.47,15,4.43,21,2.4,15,-1.46,0.41,0.53,0.28,0.04,-0.5
grapefruit,10,6.93,14,3.27,15,3.33,15,7.73,15,6.48,21,3.6,15,0.94,-1.13,-1,1.86,1.38,0.65
grapevine,9,5.64,14,4.73,15,5,13,5.67,15,5.43,21,3.4,15,-0.22,0.12,0.39,0.42,0.7,0.46
greasepaint,11,3.93,14,6.33,15,4.18,11,5.07,14,3.48,21,3.07,15,-1.78,1.49,-0.29,0,-0.58,0.14
guardrail,9,6.07,14,4.33,15,5,15,6.07,15,5,21,2.13,15,0.16,-0.22,0.39,0.7,0.42,-0.76
guidebook,9,6.86,14,5.13,15,6.07,15,5.27,15,4.48,21,2.13,15,0.88,0.46,1.28,0.14,0.08,-0.76
hailstone,9,3.79,14,5.4,15,4.1,10,4.92,13,3.62,21,2.67,15,-1.91,0.69,-0.36,-0.1,-0.48,-0.24
hailstorm,9,6,14,4.33,15,6.53,15,5.6,15,5.43,21,4.73,15,0.1,-0.22,1.67,0.37,0.7,1.74
hallmark,8,5,14,5.13,15,2.29,14,7.73,15,2.81,21,1.47,15,-0.81,0.46,-1.87,1.86,-1.01,-1.4
hallway,7,7,14,2.47,15,4.87,15,2.73,15,6.52,21,2.07,15,1.01,-1.81,0.28,-1.63,1.41,-0.82
hamburger,9,7,14,2.33,15,3.07,14,7.87,15,6.81,21,5.47,15,1.01,-1.93,-1.22,1.96,1.6,2.45
hamstring,9,6.93,14,5.47,15,2.27,15,5.86,14,5.29,21,3.8,15,0.94,0.75,-1.89,0.55,0.61,0.85
handbag,7,6.57,14,3.6,15,5.47,15,6.8,15,6.38,21,2,15,0.62,-0.85,0.78,1.21,1.32,-0.88
handbook,8,6.71,14,4.47,15,3.8,15,8,14,5.33,21,2.13,15,0.75,-0.11,-0.61,2.05,0.64,-0.76
handbrake,9,5.79,14,5.13,15,5.64,14,6.6,15,4.9,21,3.47,15,-0.09,0.46,0.93,1.07,0.36,0.53
handcart,8,4.5,14,4.93,15,5.2,15,6.64,14,4.24,21,2.13,15,-1.26,0.29,0.56,1.1,-0.08,-0.76
handclasp,9,4.07,14,6,15,5.08,13,5.27,15,4.86,21,3.87,15,-1.65,1.21,0.46,0.14,0.32,0.91
handcuff,8,6.86,14,3.53,15,5.86,14,5.87,15,6.24,21,3.93,15,0.88,-0.9,1.11,0.56,1.23,0.97
handgun,7,6.29,14,4.4,15,6.29,14,8.13,15,6.43,21,4.27,15,0.36,-0.16,1.46,2.14,1.35,1.29
handlebar,9,6.43,14,3.27,15,5.93,14,4.87,15,6.33,21,3.33,15,0.49,-1.13,1.17,-0.14,1.29,0.4
handmade,8,6.79,14,3.07,15,6.07,15,4.93,15,3.1,21,2.33,15,0.81,-1.3,1.28,-0.1,-0.83,-0.56
handmaiden,10,4.36,14,5.93,15,3.71,14,6.6,15,3.81,21,1.13,15,-1.39,1.15,-0.68,1.07,-0.36,-1.72
handout,7,6.71,14,4.07,15,3.93,14,4.47,15,5.48,21,2.67,15,0.75,-0.45,-0.5,-0.42,0.73,-0.24
handrail,8,6.71,14,3.87,15,5.07,15,5.6,15,6,21,2.6,15,0.75,-0.62,0.45,0.37,1.07,-0.31
handsaw,7,6.5,14,4.73,15,5.71,14,6.6,15,5.9,21,4,15,0.55,0.12,0.99,1.07,1.01,1.04
handshake,9,7,14,3.47,15,6,15,5,15,6.1,21,4.07,15,1.01,-0.96,1.23,-0.05,1.13,1.1
handstand,9,6.93,14,3.13,15,5.8,15,4.8,15,6.24,21,3.47,15,0.94,-1.25,1.06,-0.19,1.23,0.53
hatpin,6,2.57,14,6.2,15,4.71,14,6.1,10,2.62,21,1.2,15,-3.02,1.38,0.15,0.72,-1.14,-1.65
headache,8,7,14,2.53,15,6.14,14,5.4,15,3.76,21,4.67,15,1.01,-1.76,1.34,0.23,-0.39,1.68
headband,8,6.93,14,3.33,15,5.57,14,4.8,15,6.33,21,3.93,15,0.94,-1.07,0.87,-0.19,1.29,0.97
headboard,9,5.5,14,4.33,15,4.4,15,6.57,14,4.81,21,1.93,15,-0.35,-0.22,-0.11,1.05,0.29,-0.95
headdress,9,5.64,14,4.73,15,5.4,15,3.93,15,4.62,21,2.27,15,-0.22,0.12,0.73,-0.79,0.17,-0.63
headfirst,9,6.5,14,4.13,15,5.67,15,4.64,14,4.33,21,3.13,15,0.55,-0.39,0.95,-0.3,-0.02,0.21
headgear,8,6.07,14,4.47,15,5.73,15,4.67,15,4.81,21,2.93,15,0.16,-0.11,1,-0.28,0.29,0.01
headless,8,6.71,14,3.93,15,4.57,14,3.93,15,6,21,4.2,15,0.75,-0.56,0.03,-0.79,1.07,1.23
headlight,9,6.64,14,3.27,15,4.67,15,7,15,6,21,3.53,15,0.68,-1.13,0.11,1.35,1.07,0.59
headline,8,6.71,14,4.4,15,3.21,14,5.53,15,5.71,21,3.07,15,0.75,-0.16,-1.1,0.32,0.89,0.14
headlong,8,4.07,14,6.07,15,2.89,9,5.2,15,2,21,1.47,15,-1.65,1.26,-1.37,0.09,-1.54,-1.4
headmaster,10,6.71,14,4.47,15,4.73,15,7.2,15,4.67,21,1.53,15,0.75,-0.11,0.17,1.49,0.2,-1.33
headmistress,12,5.71,14,5.8,15,4.14,14,6.2,15,4.43,21,2.93,15,-0.16,1.03,-0.32,0.79,0.04,0.01
headpiece,9,6.21,14,5.07,15,5.07,15,3.8,15,3.9,21,2.93,15,0.29,0.41,0.45,-0.89,-0.3,0.01
headrest,8,6.64,14,4,15,5.4,15,4.93,15,4.81,21,2.4,15,0.68,-0.5,0.73,-0.1,0.29,-0.5
headset,7,6.5,14,3.8,15,4.29,14,3.6,15,5.95,21,3.67,15,0.55,-0.68,-0.2,-1.03,1.04,0.72
headstone,9,5.79,14,5.4,15,3.91,11,7.2,15,5.05,21,3.13,15,-0.09,0.69,-0.52,1.49,0.45,0.21
headstrong,10,6.43,14,5.53,15,4.47,15,5.53,15,2.38,21,2.6,15,0.49,0.81,-0.05,0.32,-1.29,-0.31
headway,7,5.64,14,5.33,15,3,11,5.2,15,2.1,21,1.73,15,-0.22,0.64,-1.28,0.09,-1.48,-1.14
heatstroke,10,6.43,14,5.67,15,5.6,15,4.87,15,3.62,21,2.73,15,0.49,0.92,0.89,-0.14,-0.48,-0.18
hedgehog,8,6.5,14,3.8,15,2.4,15,5.87,15,5.76,21,3.07,15,0.55,-0.68,-1.78,0.56,0.92,0.14
heirloom,8,5.36,14,4.73,15,3.29,14,3.4,15,3.57,21,2.07,15,-0.48,0.12,-1.04,-1.17,-0.52,-0.82
hellfire,8,4.21,14,5.8,15,4.14,14,6.14,14,3.38,21,2.87,15,-1.52,1.03,-0.32,0.75,-0.64,-0.05
hemline,7,4.93,14,5.2,15,4.62,13,4,15,4.67,21,3,15,-0.87,0.52,0.07,-0.75,0.2,0.08
hemlock,7,4.14,14,6.2,15,2,14,5.5,12,3.86,21,1.53,15,-1.59,1.38,-2.11,0.3,-0.33,-1.33
henceforth,10,5.5,14,6.2,15,3.08,13,5.4,15,1.38,21,1.33,15,-0.35,1.38,-1.21,0.23,-1.95,-1.53
herringbone,11,2.14,14,6.67,15,3.88,8,7.63,8,2.67,21,2.6,15,-3.41,1.77,-0.55,1.79,-1.11,-0.31
hideaway,8,5.36,14,4.33,15,5.87,15,4,15,2.67,21,1.67,15,-0.48,-0.22,1.11,-0.75,-1.11,-1.21
hideout,7,6.79,14,3.87,15,5.07,15,2.67,15,4.81,21,2.2,15,0.81,-0.62,0.45,-1.68,0.29,-0.69
hitchhike,9,6.64,14,5.47,15,2.93,15,4.27,15,5.14,21,2.73,15,0.68,0.75,-1.33,-0.56,0.51,-0.18
hitherto,8,3.79,14,6.6,15,2.6,10,4.85,13,1.1,21,1.2,15,-1.91,1.72,-1.61,-0.16,-2.13,-1.65
hogwash,7,4.21,14,5.6,15,2,12,4.69,13,1.81,21,1.93,15,-1.52,0.86,-2.11,-0.26,-1.67,-0.95
hoodwink,8,4.79,14,6.13,15,1.6,10,4.62,13,2.19,21,1.67,15,-1,1.32,-2.44,-0.32,-1.42,-1.21
hookup,6,6.71,14,5.93,15,3.13,15,4.25,12,4.29,21,4.13,15,0.75,1.15,-1.16,-0.57,-0.05,1.17
hookworm,8,2.64,14,5.87,15,3.5,10,7.08,12,3.48,21,3.2,15,-2.95,1.09,-0.86,1.41,-0.58,0.27
hopscotch,9,6.14,14,2.67,15,2.5,14,1.67,15,5.9,21,3.4,15,0.23,-1.64,-1.69,-2.38,1.01,0.46
hourglass,9,6.79,14,3.07,15,4.33,15,5.13,15,6.76,21,3.2,15,0.81,-1.3,-0.16,0.04,1.57,0.27
hovercraft,10,6.29,14,4.67,15,5.27,15,5,15,5.48,21,2.53,15,0.36,0.07,0.61,-0.05,0.73,-0.37
hubcap,6,5,14,5.73,15,2.36,14,5.38,13,5.1,21,1.67,15,-0.81,0.98,-1.81,0.22,0.48,-1.21
humankind,9,6.79,14,4.67,15,5,15,3.2,15,3.81,21,1.67,15,0.81,0.07,0.39,-1.31,-0.36,-1.21
humbug,6,4.21,14,5.53,15,2.33,9,5.42,12,2.86,21,2.2,15,-1.52,0.81,-1.83,0.24,-0.98,-0.69
humdrum,7,3.71,14,6,15,2.5,10,4.25,12,1.67,21,1.93,15,-1.98,1.21,-1.69,-0.57,-1.76,-0.95
hunchback,9,6.57,14,3.47,15,5.87,15,4.27,15,6,21,3.53,15,0.62,-0.96,1.11,-0.56,1.07,0.59
hundredfold,11,5.21,14,5.93,15,4.27,15,3,15,2.14,21,1.33,15,-0.61,1.15,-0.22,-1.45,-1.45,-1.53
jailbreak,9,6.43,14,5.07,15,4.36,14,5,15,4.52,21,2.8,15,0.49,0.41,-0.14,-0.05,0.11,-0.12
jawbone,7,6.71,14,3.67,15,6.71,14,4.53,15,6.33,21,3.93,15,0.75,-0.79,1.82,-0.38,1.29,0.97
jaywalk,7,5.93,14,5.4,15,3.07,14,8.93,15,5.24,21,3.4,15,0.04,0.69,-1.22,2.7,0.57,0.46
jellyfish,9,6.93,14,3.2,15,4.64,14,6.53,15,6.62,21,5.13,15,0.94,-1.19,0.09,1.02,1.48,2.13
jigsaw,6,6.36,14,3.27,15,1.93,15,5.14,14,5.71,21,2.67,15,0.42,-1.13,-2.16,0.05,0.89,-0.24
joyride,7,6.36,14,5.8,15,4.73,15,6.13,15,3.52,21,3.6,15,0.42,1.03,0.17,0.74,-0.55,0.65
joystick,8,6.36,14,5.27,15,3.53,15,7.13,15,5.1,21,3.6,15,0.42,0.58,-0.83,1.44,0.48,0.65
keepsake,8,6.21,14,5.2,15,3.46,13,2.93,15,2.9,21,2.8,15,0.29,0.52,-0.89,-1.49,-0.95,-0.12
killjoy,7,5.64,14,5.87,15,5,14,4.43,14,2.05,21,1.33,15,-0.22,1.09,0.39,-0.45,-1.51,-1.53
kinship,7,5.71,14,6.27,15,2.77,13,1.93,15,2.9,21,3,15,-0.16,1.43,-1.47,-2.19,-0.95,0.08
kneecap,7,7,14,3.07,15,5.4,15,4.6,15,5.81,21,3,15,1.01,-1.3,0.73,-0.33,0.95,0.08
knighthood,10,5.57,14,4.8,15,4.47,15,3.07,15,3.86,21,1.53,15,-0.29,0.18,-0.05,-1.4,-0.33,-1.33
knockout,8,6.36,14,4.93,15,4.43,14,4.33,15,4.81,21,3.67,15,0.42,0.29,-0.08,-0.52,0.29,0.72
knothole,8,3.64,14,5.6,15,4.2,10,6,11,2.71,21,2.07,15,-2.04,0.86,-0.28,0.65,-1.08,-0.82
lamplight,9,6.36,14,3.8,15,6.57,14,4.73,15,6.24,21,4.4,15,0.42,-0.68,1.7,-0.24,1.23,1.42
lamppost,8,6.36,14,3.33,15,6.33,15,4.4,15,6.43,21,2,13,0.42,-1.07,1.5,-0.47,1.35,-0.88
lampshade,9,6.71,14,3.6,15,6.13,15,5.53,15,6.05,21,2.53,15,0.75,-0.85,1.34,0.32,1.1,-0.37
leapfrog,8,6.07,14,3.2,15,4.93,14,4.27,15,6,21,3.6,15,0.16,-1.19,0.33,-0.56,1.07,0.65
lengthwise,10,5.71,14,5.47,15,3.07,14,1.8,15,3.14,21,1.8,15,-0.16,0.75,-1.22,-2.29,-0.8,-1.08
letdown,7,6.36,14,4.6,15,4.31,13,6.6,15,2.52,21,2.8,15,0.42,0.01,-0.19,1.07,-1.2,-0.12
lineman,7,6,14,5.6,15,5,11,6.13,15,4.48,21,2.73,15,0.1,0.86,0.39,0.74,0.08,-0.18
lineup,6,6.36,14,3.93,15,3.77,13,3.07,15,4.9,21,3.33,15,0.42,-0.56,-0.63,-1.4,0.36,0.4
lipstick,8,7,14,2.87,15,4.21,14,3.07,15,6.67,21,4.8,15,1.01,-1.47,-0.26,-1.4,1.51,1.81
livelong,8,4.5,14,5.13,15,5.64,14,4.86,14,1.86,21,1.4,15,-1.26,0.46,0.93,-0.15,-1.64,-1.46
livestock,9,6.57,14,5.2,15,4.27,15,4.47,15,5.95,21,3.2,15,0.62,0.52,-0.22,-0.42,1.04,0.27
loathsome,9,5.71,14,6,15,3.47,15,1.87,15,1.76,21,1.67,15,-0.16,1.21,-0.89,-2.24,-1.7,-1.21
logbook,7,4.79,14,5.8,15,4.4,15,6.53,15,4.29,21,1.73,15,-1,1.03,-0.11,1.02,-0.05,-1.14
loincloth,9,5.21,14,5.07,15,5.47,15,6,15,5.29,21,2.4,15,-0.61,0.41,0.78,0.65,0.61,-0.5
lonesome,8,6.64,14,5,15,3.53,15,2,15,3.29,21,2.47,15,0.68,0.35,-0.83,-2.15,-0.7,-0.44
lookout,7,6.57,14,4.4,15,4.71,14,3.2,15,4.71,21,2.73,15,0.62,-0.16,0.15,-1.31,0.23,-0.18
loophole,8,6.71,14,5.6,15,4.14,14,6.87,15,2.81,21,2.2,15,0.75,0.86,-0.32,1.26,-1.01,-0.69
lordship,8,5.21,14,5.6,15,3.83,12,1.93,15,3.43,21,2.07,15,-0.61,0.86,-0.58,-2.19,-0.61,-0.82
lunchroom,9,6.43,14,3.07,15,6.5,14,4.6,15,6.33,21,4.73,15,0.49,-1.3,1.64,-0.33,1.29,1.74
lunchtime,9,7,14,1.93,15,6.36,14,3.4,15,4.71,21,5.07,15,1.01,-2.27,1.52,-1.17,0.23,2.06
maidservant,11,5.36,14,5.27,15,5.29,14,4.67,15,4.43,21,2.67,15,-0.48,0.58,0.63,-0.28,0.04,-0.24
makeshift,9,6.07,14,5.73,15,2.8,15,4.2,15,2.67,21,1.33,15,0.16,0.98,-1.44,-0.61,-1.11,-1.53
makeup,6,7,14,3.67,15,4.47,15,4.14,14,5.9,21,3.73,15,1.01,-0.79,-0.05,-0.65,1.01,0.78
marketplace,11,6.86,14,3.27,15,5.79,14,3.2,15,6.48,21,4.67,15,0.88,-1.13,1.05,-1.31,1.38,1.68
markup,6,5.14,14,5.67,15,3.36,14,3.13,15,3.38,21,2.67,15,-0.68,0.92,-0.98,-1.35,-0.64,-0.24
masthead,8,3.79,14,6.33,15,3.92,12,4,12,3.57,21,2.47,15,-1.91,1.49,-0.51,-0.75,-0.52,-0.44
mealtime,8,6.71,14,2.93,15,5.93,14,4.07,15,4.43,21,4.47,15,0.75,-1.42,1.17,-0.7,0.04,1.49
meantime,8,6.5,14,5.2,15,2.67,15,6.93,14,1.67,21,1.33,15,0.55,0.52,-1.55,1.3,-1.76,-1.53
meanwhile,9,6.21,14,4.53,15,2.71,14,7.07,15,1.43,21,1.53,15,0.29,-0.05,-1.51,1.4,-1.92,-1.33
meatball,8,7,14,2.07,15,6.29,14,4.71,14,6.86,21,5.53,15,1.01,-2.16,1.46,-0.25,1.63,2.51
milestone,9,6.5,14,5.07,15,2.21,14,3.36,14,3.05,21,2.87,15,0.55,0.41,-1.93,-1.2,-0.86,-0.05
molehill,8,4.21,14,5.27,15,4.73,15,6.46,13,3.1,21,1.8,15,-1.52,0.58,0.17,0.97,-0.83,-1.08
moleskin,8,4.71,14,5.87,15,4.07,15,6.07,15,4.33,21,2.27,15,-1.07,1.09,-0.39,0.7,-0.02,-0.63
motherhood,10,6.79,14,4,15,3.93,14,1.67,15,4.43,21,3.8,15,0.81,-0.5,-0.5,-2.38,0.04,0.85
motherland,10,6.07,14,5.53,15,4.73,15,6.67,15,3.1,21,2.73,15,0.16,0.81,0.17,1.12,-0.83,-0.18
mushroom,8,7,14,3.2,15,1.5,14,4.2,15,6.67,21,5.27,15,1.01,-1.19,-2.53,-0.61,1.51,2.26
muskrat,7,4.93,14,5.13,15,2.8,15,7.53,15,3.62,21,1.4,15,-0.87,0.46,-1.44,1.72,-0.48,-1.46
namesake,8,4.43,14,5.8,15,4,15,3.43,14,1.76,21,1.13,15,-1.33,1.03,-0.44,-1.15,-1.7,-1.72
nationwide,10,6.71,14,5,15,5.8,15,3.33,15,4.29,21,1.8,15,0.75,0.35,1.06,-1.21,-0.05,-1.08
network,7,6.57,14,5.2,15,3.07,14,4.4,15,4.1,21,3,15,0.62,0.52,-1.22,-0.47,-0.17,0.08
nickname,8,7,14,3.2,15,3.36,14,8.67,15,3.24,21,2.93,15,1.01,-1.19,-0.98,2.52,-0.73,0.01
nobleman,8,5.93,14,5.47,15,5.93,15,4.93,15,3.76,21,1.73,15,0.04,0.75,1.17,-0.1,-0.39,-1.14
nobody,6,6.93,14,3.33,15,4.47,15,4.4,15,1.81,21,1.6,15,0.94,-1.07,-0.05,-0.47,-1.67,-1.27
noontime,8,5.64,14,3,15,6.69,13,3.73,15,4.1,21,3,15,-0.22,-1.36,1.8,-0.93,-0.17,0.08
nowhere,7,6.71,14,3.53,15,3.62,13,5.27,15,2.52,21,2.8,15,0.75,-0.9,-0.76,0.14,-1.2,-0.12
nursemaid,9,4.21,14,5.33,15,4.87,15,4.4,15,4.33,21,1.8,15,-1.52,0.64,0.28,-0.47,-0.02,-1.08
oatmeal,7,6.86,14,3,15,5.4,15,4.13,15,6.29,21,3.67,15,0.88,-1.36,0.73,-0.66,1.26,0.72
oneself,7,6.71,14,4.47,15,6.13,15,6.53,15,2.9,21,2.13,15,0.75,-0.11,1.34,1.02,-0.95,-0.76
onetime,7,4.36,14,3.73,15,5.15,13,4.14,14,1.67,21,1.33,15,-1.39,-0.73,0.52,-0.65,-1.76,-1.53
otherwise,9,6.86,14,4.27,15,2.87,15,2.8,15,1.19,21,1.07,15,0.88,-0.28,-1.39,-1.59,-2.07,-1.78
outback,7,5.71,14,5,15,3.82,11,5.27,15,4.14,21,3.07,15,-0.16,0.35,-0.59,0.14,-0.14,0.14
outbid,6,6,14,5.4,15,3.79,14,6.73,15,2.67,21,2.07,15,0.1,0.69,-0.62,1.16,-1.11,-0.82
outbreak,8,6.64,14,5.27,15,3.67,15,5.21,14,3.14,21,2,15,0.68,0.58,-0.72,0.1,-0.8,-0.88
outburst,8,6.57,14,4.27,15,4.29,14,6.73,15,3.86,21,3.53,15,0.62,-0.28,-0.2,1.16,-0.33,0.59
outcast,7,6.79,14,4.87,15,3.21,14,4.6,15,4.43,21,2.93,15,0.81,0.24,-1.1,-0.33,0.04,0.01
outcome,7,6.71,14,5.2,15,3.13,15,4.14,14,1.71,21,1.33,15,0.75,0.52,-1.16,-0.65,-1.73,-1.53
outcry,6,6.29,14,5.27,15,4.71,14,7.67,15,3.76,21,3,15,0.36,0.58,0.15,1.82,-0.39,0.08
outdo,5,6.36,14,5.13,15,3.33,15,5.87,15,1.62,21,1.4,15,0.42,0.46,-1,0.56,-1.79,-1.46
outfield,8,6.29,14,3.53,15,5.14,14,6,14,5,21,2.27,15,0.36,-0.9,0.51,0.65,0.42,-0.63
outfit,6,7,14,3.4,15,2.27,15,5.4,15,5.14,21,2.2,15,1.01,-1.02,-1.89,0.23,0.51,-0.69
outflank,8,3.43,14,6.07,15,3.56,9,6.31,13,2.19,21,1.8,15,-2.24,1.26,-0.81,0.87,-1.42,-1.08
outgrow,7,6.21,14,3.73,15,5.67,15,7.13,15,3.33,21,2.93,15,0.29,-0.73,0.95,1.44,-0.67,0.01
outlast,7,6.07,14,5.07,15,4.17,12,6.13,15,2.29,21,1.93,15,0.16,0.41,-0.3,0.74,-1.36,-0.95
outlaw,6,6.64,14,4.53,15,3.71,14,5.67,15,4.95,21,2.67,15,0.68,-0.05,-0.68,0.42,0.39,-0.24
outlet,6,6.71,14,4.27,15,2.47,15,4.53,15,5.29,21,1.87,15,0.75,-0.28,-1.72,-0.38,0.61,-1.01
outline,7,6.93,14,4.6,15,3.07,14,6,15,5.33,21,2.87,15,0.94,0.01,-1.22,0.65,0.64,-0.05
outlive,7,6.64,14,5.47,15,4.4,15,6.2,15,2.33,21,1.47,15,0.68,0.75,-0.11,0.79,-1.32,-1.4
outlook,7,6.21,14,5.6,15,3.47,15,6.4,15,2.71,21,2.13,15,0.29,0.86,-0.89,0.93,-1.08,-0.76
outnumber,9,6.36,14,5.07,15,3.71,14,6.07,15,4.29,21,2.2,15,0.42,0.41,-0.68,0.7,-0.05,-0.69
outpatient,10,5.21,14,6.13,15,3.47,15,7,15,2.29,21,1.67,15,-0.61,1.32,-0.89,1.35,-1.36,-1.21
outpost,7,4.79,14,5.67,15,3.92,12,6.23,13,2.67,21,2.33,15,-1,0.92,-0.51,0.81,-1.11,-0.56
output,6,6.21,14,5.53,15,3.2,15,4.33,15,2.05,21,1.33,15,0.29,0.81,-1.11,-0.52,-1.51,-1.53
outrage,7,6.57,14,4.87,15,3.73,15,7.4,15,3.24,21,3.73,15,0.62,0.24,-0.66,1.63,-0.73,0.78
outreach,8,5.71,14,4.73,15,4.21,14,6.53,15,3.05,21,2,15,-0.16,0.12,-0.26,1.02,-0.86,-0.88
outright,8,6.29,14,5.27,15,2.67,15,4.87,15,1.57,21,1,15,0.36,0.58,-1.55,-0.14,-1.82,-1.85
outrun,6,6.07,14,3.67,15,4.07,14,6.8,15,4.86,21,3.07,15,0.16,-0.79,-0.38,1.21,0.32,0.14
outsell,7,4.43,14,5.53,15,3.57,14,6.5,14,2.38,21,1.33,15,-1.33,0.81,-0.8,1,-1.29,-1.53
outset,6,4.43,14,6.2,15,2.6,15,4.75,12,1.71,21,1.07,15,-1.33,1.38,-1.61,-0.22,-1.73,-1.78
outshine,8,6.14,14,5,15,4.13,15,6.6,15,3.05,20,2.47,15,0.23,0.35,-0.33,1.07,-0.86,-0.44
outside,7,7,14,1.67,15,4.4,15,2.73,15,5.57,21,3.6,15,1.01,-2.5,-0.11,-1.63,0.79,0.65
outsmart,8,6.64,14,4.27,15,4.27,15,7.27,15,2.24,21,1.93,15,0.68,-0.28,-0.22,1.54,-1.39,-0.95
outweigh,8,6.36,14,4.93,15,4.57,14,6.6,15,3.48,21,2,15,0.42,0.29,0.03,1.07,-0.58,-0.88
outwit,6,6.14,14,5.67,15,4.27,15,5.79,14,1.62,21,1.6,15,0.23,0.92,-0.22,0.5,-1.79,-1.27
oxcart,6,2.36,14,5.6,15,4.85,13,6.46,13,3.52,21,1.53,15,-3.21,0.86,0.26,0.97,-0.55,-1.33
padlock,7,6.5,14,4.8,15,3.75,12,8.13,15,5,21,3.4,15,0.55,0.18,-0.65,2.14,0.42,0.46
paintbox,8,5.07,14,3.53,15,5.5,12,4.47,15,4.71,21,3.33,15,-0.74,-0.9,0.81,-0.42,0.23,0.4
paintbrush,10,6.93,14,2.07,15,6.33,15,5.73,15,6.67,21,2.93,15,0.94,-2.16,1.5,0.46,1.51,0.01
parenthood,10,6.79,14,3.87,15,3.57,14,1.53,15,4.1,21,3.07,15,0.81,-0.62,-0.8,-2.47,-0.17,0.14
partnership,11,6.64,14,5,15,3.21,14,2.2,15,4.1,21,2.33,15,0.68,0.35,-1.1,-2.01,-0.17,-0.56
passageway,10,6.57,14,3.93,15,5.85,13,3.8,15,5,21,3.07,15,0.62,-0.56,1.1,-0.89,0.42,0.14
patchwork,9,5.57,14,5.4,15,4,12,3.53,15,4.9,21,2.93,15,-0.29,0.69,-0.44,-1.07,0.36,0.01
pathway,7,7,14,3.8,15,5.33,15,3.2,15,6,21,1.93,15,1.01,-0.68,0.67,-1.31,1.07,-0.95
patrolman,9,5.71,14,4.4,15,6.14,14,4,15,5.1,21,1.93,15,-0.16,-0.16,1.34,-0.75,0.48,-0.95
pawnshop,8,5.64,14,5.8,15,5.54,13,7.07,15,5.29,21,3.27,15,-0.22,1.03,0.84,1.4,0.61,0.33
peacetime,9,5.71,14,5.4,15,5.87,15,3.73,15,2.48,21,1.8,15,-0.16,0.69,1.11,-0.93,-1.23,-1.08
peephole,8,6.5,14,4.8,15,5.71,14,5.67,15,5.9,21,3.87,15,0.55,0.18,0.99,0.42,1.01,0.91
peppermint,10,6.93,14,2.8,15,3.53,15,7.53,15,5.52,21,4.87,15,0.94,-1.53,-0.83,1.72,0.76,1.87
piecemeal,9,2.79,14,6.4,15,2.93,14,4.58,12,2.76,21,1.53,15,-2.82,1.55,-1.33,-0.34,-1.04,-1.33
pigeonhole,10,4.21,14,6.33,15,2.36,14,6.64,14,2.95,21,1.73,15,-1.52,1.49,-1.81,1.1,-0.92,-1.14
pillbox,7,5.64,14,5.6,15,6.07,15,5.73,15,4.62,21,2.6,15,-0.22,0.86,1.28,0.46,0.17,-0.31
pillowcase,10,6.93,14,2.73,15,6.27,15,4.73,15,6.38,21,3.07,15,0.94,-1.59,1.45,-0.24,1.32,0.14
pipeline,8,5.79,14,5.4,15,5.73,15,3.73,15,5,21,2.07,15,-0.09,0.69,1,-0.93,0.42,-0.82
pitchfork,9,6.71,14,4.4,15,4.21,14,7,15,6,21,4.07,15,0.75,-0.16,-0.26,1.35,1.07,1.1
pitfall,7,5.14,14,6.13,15,4.27,15,5.07,14,2.33,21,2.13,15,-0.68,1.32,-0.22,0,-1.32,-0.76
plywood,7,6.07,14,4.93,15,4.75,12,7.93,15,5.33,21,3.67,15,0.16,0.29,0.18,2,0.64,0.72
pocketbook,10,6.43,14,3.53,15,4.2,15,4.93,15,5.62,21,1.93,15,0.49,-0.9,-0.28,-0.1,0.82,-0.95
pocketknife,11,6.5,14,4.07,15,6.14,14,6.67,15,6.43,21,4.27,15,0.55,-0.45,1.34,1.12,1.35,1.29
policeman,9,6.93,14,2.87,15,6.13,15,3.07,15,6.48,21,3.8,15,0.94,-1.47,1.34,-1.4,1.38,0.85
ponytail,8,7,14,2.53,15,3.53,15,6.13,15,6.52,21,2.8,15,1.01,-1.76,-0.83,0.74,1.41,-0.12
popcorn,7,7,14,2.33,15,5.79,14,6.6,15,6.86,21,5.87,15,1.01,-1.93,1.05,1.07,1.63,2.83
popgun,6,2.57,14,5.2,15,4.14,14,6.42,12,2.81,21,2,15,-3.02,0.52,-0.32,0.94,-1.01,-0.88
poppycock,9,2.79,14,6.47,15,1.6,10,4.08,13,1.71,21,2,15,-2.82,1.6,-2.44,-0.69,-1.73,-0.88
priesthood,10,5.71,14,5.47,15,4.27,15,2.2,15,4.1,21,1.8,15,-0.16,0.75,-0.22,-2.01,-0.17,-1.08
primrose,8,3.79,14,6.6,15,2,7,7.93,14,3.57,21,3.27,15,-1.91,1.72,-2.11,2,-0.52,0.33
printout,8,6.57,14,5,15,4.87,15,3.27,15,5.57,21,2.13,15,0.62,0.35,0.28,-1.26,0.79,-0.76
prizefight,10,3.79,14,5.73,15,4.86,14,5.71,14,3.52,21,2,15,-1.91,0.98,0.27,0.45,-0.55,-0.88
puffball,8,4.79,14,3.67,15,4.64,11,6.07,15,4.1,21,3.27,15,-1,-0.79,0.09,0.7,-0.17,0.33
purebred,8,6.36,14,4.8,15,5.43,14,4.67,15,3.67,21,2.33,15,0.42,0.18,0.75,-0.28,-0.45,-0.56
quarterback,11,6.93,14,3.93,15,1.67,15,4.79,14,5.81,21,3.93,15,0.94,-0.56,-2.39,-0.2,0.95,0.97
railroad,8,6.93,14,2.93,15,5.87,15,4.36,14,6.62,21,3.6,15,0.94,-1.42,1.11,-0.5,1.48,0.65
railway,7,6.5,14,3.2,15,4.36,14,2.67,15,5.9,21,4.13,15,0.55,-1.19,-0.14,-1.68,1.01,1.17
ransack,7,5.86,14,5.87,15,1.86,14,6.38,13,3.14,21,2.53,15,-0.03,1.09,-2.23,0.92,-0.8,-0.37
rattail,7,5.43,14,4.33,15,4.85,13,6.4,15,4.81,21,2.2,15,-0.42,-0.22,0.26,0.93,0.29,-0.69
rattlesnake,11,6.79,14,3.6,15,5.93,15,6.33,15,6.29,21,3.73,15,0.81,-0.85,1.17,0.88,1.26,0.78
rawhide,7,4.07,14,5.27,15,4,13,6.25,12,4.19,21,3.07,15,-1.65,0.58,-0.44,0.83,-0.11,0.14
razorback,9,3.5,14,5.87,15,2.79,14,4.83,12,3,21,2.27,15,-2.17,1.09,-1.45,-0.17,-0.89,-0.63
rooftop,7,6.79,14,3.2,15,6.27,15,4.13,15,6.38,21,3.73,15,0.81,-1.19,1.45,-0.66,1.32,0.78
roommate,8,6.86,14,4.4,15,5.79,14,5.07,15,5.76,21,4.47,15,0.88,-0.16,1.05,0,0.92,1.49
rubberneck,10,4.79,14,5.73,15,2.67,12,5.53,15,3.38,21,2.47,15,-1,0.98,-1.55,0.32,-0.64,-0.44
rubdown,7,5.14,14,5.93,15,4.5,14,2.86,14,4.52,21,2.67,15,-0.68,1.15,-0.03,-1.55,0.11,-0.24
saddlebag,9,4.64,14,5.6,15,5.08,13,5.93,15,4.38,21,2.53,15,-1.13,0.86,0.46,0.6,0.01,-0.37
saucepan,8,6.21,14,4.53,15,5.57,14,7.13,15,6.19,21,4.33,15,0.29,-0.05,0.87,1.44,1.2,1.36
scarecrow,9,6.79,14,2.53,15,4.47,15,4.13,15,6.43,21,2.8,15,0.81,-1.76,-0.05,-0.66,1.35,-0.12
scatterbrain,12,5.79,14,5.8,15,5.29,14,4.47,15,3.1,21,2.87,15,-0.09,1.03,0.63,-0.42,-0.83,-0.05
scoutmaster,11,4.86,14,5.07,15,5.47,15,5.21,14,3.71,21,1.33,15,-0.94,0.41,0.78,0.1,-0.42,-1.53
scrapbook,9,6.86,14,4.07,15,3.93,14,6.47,15,5.76,21,3.53,15,0.88,-0.45,-0.5,0.98,0.92,0.59
screenplay,10,6.29,14,5.87,15,5.21,14,5.8,15,4.48,21,2.67,15,0.36,1.09,0.57,0.51,0.08,-0.24
seaboard,8,4.29,14,5.93,15,3.64,14,3.73,11,2.57,21,2.47,15,-1.46,1.15,-0.74,-0.94,-1.17,-0.44
seacoast,8,4.71,14,4.13,15,6.08,13,5.27,15,6.14,21,4.47,15,-1.07,-0.39,1.29,0.14,1.17,1.49
seafood,7,7,14,3.27,15,6.14,14,4.93,15,6.38,21,5.13,15,1.01,-1.13,1.34,-0.1,1.32,2.13
seafront,8,5.21,14,3.73,15,5.2,15,3.47,15,5.29,21,3.4,15,-0.61,-0.73,0.56,-1.12,0.61,0.46
sealskin,8,3.64,14,6.27,15,5.08,12,5.38,13,3.86,21,1.67,15,-2.04,1.43,0.46,0.22,-0.33,-1.21
seaman,6,6.21,14,4,15,5.54,13,4.67,15,5.29,21,3.07,15,0.29,-0.5,0.84,-0.28,0.61,0.14
seaplane,8,4.64,14,5.27,15,4.4,10,5.93,14,4.24,21,3.6,15,-1.13,0.58,-0.11,0.6,-0.08,0.65
seaport,7,5.29,14,5.2,15,5.64,14,5.93,15,4.9,21,2.6,15,-0.55,0.52,0.93,0.6,0.36,-0.31
seashore,8,6.93,14,2.93,15,6.5,14,5,15,6.24,21,5.2,15,0.94,-1.42,1.64,-0.05,1.23,2.19
seasick,7,6.93,14,3.13,15,5.87,15,6.33,15,4.9,21,3.8,15,0.94,-1.25,1.11,0.88,0.36,0.85
seaside,7,6.57,14,2.6,15,6.27,15,4.07,15,6.33,21,4.54,13,0.62,-1.7,1.45,-0.7,1.29,1.56
seawater,8,6.79,14,2.87,15,6.67,15,5.33,15,5.24,21,3.87,15,0.81,-1.47,1.78,0.18,0.57,0.91
seaweed,7,6.93,14,3.33,15,5.77,13,5.73,15,5.95,21,5.27,15,0.94,-1.07,1.03,0.46,1.04,2.26
seesaw,6,6.71,14,2.13,15,2.36,14,5.8,15,6.38,21,3.6,15,0.75,-2.1,-1.81,0.51,1.32,0.65
setback,7,6.5,14,5,15,3.57,14,6.67,15,2.24,21,2.07,15,0.55,0.35,-0.8,1.12,-1.39,-0.82
setup,5,6.64,14,4,15,3.43,14,2.87,15,3.71,21,2.07,15,0.68,-0.5,-0.92,-1.54,-0.42,-0.82
shamrock,8,6.36,14,5.2,15,2.25,12,5.31,13,5.76,21,3.73,15,0.42,0.52,-1.9,0.17,0.92,0.78
sharkskin,9,5.57,14,4.6,15,5.92,13,4.6,15,4.48,21,3.87,15,-0.29,0.01,1.16,-0.33,0.08,0.91
shatterproof,12,5.86,14,5.2,15,4.21,14,3.67,15,4,21,3.53,15,-0.03,0.52,-0.26,-0.98,-0.24,0.59
shellfish,9,6.64,14,4.07,15,5.79,14,5.73,15,5,21,4.53,15,0.68,-0.45,1.05,0.46,0.42,1.55
shinbone,8,5.79,14,4.93,15,6.08,13,5.27,15,5.33,21,4.73,15,-0.09,0.29,1.29,0.14,0.64,1.74
shindig,7,5.43,14,6.33,15,1.92,12,5.2,15,2.9,21,3.33,15,-0.42,1.49,-2.18,0.09,-0.95,0.4
shotgun,7,6.57,14,4.6,15,5.53,15,6.67,15,6.1,21,3.67,15,0.62,0.01,0.84,1.12,1.13,0.72
shutdown,8,6.36,14,4.2,15,4.15,13,4.47,15,3.19,21,2.6,15,0.42,-0.33,-0.31,-0.42,-0.76,-0.31
sickbay,7,3,14,6.07,15,3.75,8,3.73,11,2.76,21,1.93,15,-2.63,1.26,-0.65,-0.94,-1.04,-0.95
sickbed,7,5,14,5.07,15,5.08,13,5.47,15,5.33,21,3.87,15,-0.81,0.41,0.46,0.28,0.64,0.91
sickroom,8,4.14,14,4.27,15,5.36,14,5.29,14,3.48,21,2.27,15,-1.59,-0.28,0.69,0.15,-0.58,-0.63
sightsee,8,6.21,14,4.13,15,5.8,15,5.13,15,3.86,21,3.27,15,0.29,-0.39,1.06,0.04,-0.33,0.33
signpost,8,4.79,14,4.87,15,5.13,15,4.79,14,5.86,21,1.6,15,-1,0.24,0.5,-0.2,0.98,-1.27
silkworm,8,6,14,4.67,15,4.38,13,7.33,15,4.24,21,3.33,15,0.1,0.07,-0.12,1.58,-0.08,0.4
singsong,8,4.79,14,4.73,15,4.77,13,5.2,15,2.95,21,3.8,15,-1,0.12,0.2,0.09,-0.92,0.85
sisterhood,10,6.79,14,3.47,15,3.71,14,2.07,15,4.24,21,2.6,15,0.81,-0.96,-0.68,-2.1,-0.08,-0.31
skateboard,10,7,14,3.4,15,5.53,15,4.93,15,6.52,21,3.2,15,1.01,-1.02,0.84,-0.1,1.41,0.27
sketchbook,10,6.71,14,3.73,15,6.13,15,5.2,15,5.52,21,2.47,15,0.75,-0.73,1.34,0.09,0.76,-0.44
skinhead,8,5,14,6.53,15,4.69,13,5.27,15,4.71,21,4,15,-0.81,1.66,0.14,0.14,0.23,1.04
skullcap,8,3.64,14,5.6,15,5.42,12,5.4,15,4.71,21,2.8,15,-2.04,0.86,0.74,0.23,0.23,-0.12
slapstick,9,4.71,14,6.33,15,2.91,11,3.53,15,3.24,21,2.8,15,-1.07,1.49,-1.35,-1.07,-0.73,-0.12
sleepwalk,9,6.79,14,3.67,15,6,15,5.53,15,5.14,21,2.73,15,0.81,-0.79,1.23,0.32,0.51,-0.18
slingshot,9,6.71,14,3.67,15,5.13,15,4.93,15,6.05,21,3.13,15,0.75,-0.79,0.5,-0.1,1.1,0.21
slowpoke,8,6,14,3.6,15,3.14,14,2.07,15,4.57,21,2.6,15,0.1,-0.85,-1.16,-2.1,0.14,-0.31
snakebite,9,5.93,14,3.33,15,6.73,15,5.6,15,4.71,21,4.07,15,0.04,-1.07,1.84,0.37,0.23,1.1
snapdragon,10,3,14,5.4,15,2.25,8,5.21,14,3.81,21,2.4,15,-2.63,0.69,-1.9,0.1,-0.36,-0.5
snapshot,8,6.29,14,4.8,15,4,14,6.13,15,5.14,21,4.33,15,0.36,0.18,-0.44,0.74,0.51,1.36
soapbox,7,5.21,14,5,15,4.5,12,5.87,15,4.43,21,3.6,15,-0.61,0.35,-0.03,0.56,0.04,0.65
songbird,8,6.29,14,4.33,15,5.86,14,6.13,15,5.9,21,4.47,15,0.36,-0.22,1.11,0.74,1.01,1.49
songbook,8,6.36,14,4,15,5.77,13,5,15,5.1,21,3.8,15,0.42,-0.5,1.03,-0.05,0.48,0.85
soundproof,10,6.43,14,4.93,15,5.07,15,4.33,15,2.71,21,2.53,15,0.49,0.29,0.45,-0.52,-1.08,-0.37
soundtrack,10,6.93,14,4.27,15,4,15,4.4,15,3.76,21,3.93,15,0.94,-0.28,-0.44,-0.47,-0.39,0.97
sourdough,9,6.29,14,4.87,15,5,15,5.8,15,4.9,21,3.6,15,0.36,0.24,0.39,0.51,0.36,0.65
soybean,7,6.71,14,4.93,15,5.64,14,6.53,15,5.48,21,4.13,15,0.75,0.29,0.93,1.02,0.73,1.17
speedboat,9,6.86,14,3.73,15,6,15,6.2,15,6.14,21,3.93,15,0.88,-0.73,1.23,0.79,1.17,0.97
spellbound,10,4.93,14,5.53,15,4.07,14,4.79,14,2.76,21,3.33,15,-0.87,0.81,-0.38,-0.2,-1.04,0.4
spendthrift,11,3,14,6.6,15,4.55,11,6.42,12,2.05,21,1.2,15,-2.63,1.72,0.01,0.94,-1.51,-1.65
spillover,9,4.71,14,5.2,15,4.5,14,3.07,15,4.57,21,3.47,15,-1.07,0.52,-0.03,-1.4,0.14,0.53
spotlight,9,6.86,14,3.8,15,5.33,15,6.33,15,6.38,21,3.93,15,0.88,-0.68,0.67,0.88,1.32,0.97
spyglass,8,5.07,14,5.27,15,4.36,14,5.36,14,4.57,21,2.6,15,-0.74,0.58,-0.14,0.2,0.14,-0.31
stagecoach,10,5.36,14,5.6,15,3.93,14,7.2,15,4.81,21,3.2,15,-0.48,0.86,-0.5,1.49,0.29,0.27
staircase,9,7,14,2.6,15,3.53,15,1.73,15,6.48,21,2.86,14,1.01,-1.7,-0.83,-2.33,1.38,-0.06
stairway,8,6.86,14,2.6,15,4.07,15,2.8,15,6.43,21,2.33,15,0.88,-1.7,-0.39,-1.59,1.35,-0.56
stairwell,9,6.57,14,3.47,15,3.4,15,2.13,15,6.19,21,2.13,15,0.62,-0.96,-0.94,-2.05,1.2,-0.76
stalemate,9,6.07,14,5.67,15,2.92,13,4.43,14,3.33,21,2.13,15,0.16,0.92,-1.34,-0.45,-0.67,-0.76
stateside,9,4.57,14,6.53,15,4.14,14,4.69,13,3.19,21,1.2,15,-1.2,1.66,-0.32,-0.26,-0.76,-1.65
stationmaster,13,4.57,14,5.87,15,5.15,13,5.27,15,3.86,21,2.07,15,-1.2,1.09,0.52,0.14,-0.33,-0.82
steadfast,9,5.29,14,6.27,15,2.71,14,4.29,14,1.81,21,1.8,15,-0.55,1.43,-1.51,-0.55,-1.67,-1.08
stingray,8,6.43,14,3.6,15,4.47,15,5.07,15,6.14,21,3.27,15,0.49,-0.85,-0.05,0,1.17,0.33
stomachache,11,6.93,14,1.93,15,6.4,15,5.2,15,3.43,21,4.93,15,0.94,-2.27,1.56,0.09,-0.61,1.94
stovepipe,9,3.79,14,5.33,15,4.83,12,5.07,15,4.43,21,2.47,15,-1.91,0.64,0.25,0,0.04,-0.44
stowaway,8,5.5,14,5.53,15,4.5,12,4.07,15,3.14,21,2.93,15,-0.35,0.81,-0.03,-0.7,-0.8,0.01
streamline,10,5.79,14,6.27,15,3.93,14,5.21,14,2.95,21,2,15,-0.09,1.43,-0.5,0.1,-0.92,-0.88
striptease,10,6.29,14,6.67,15,5.27,15,4.27,15,5.43,21,4.07,15,0.36,1.77,0.61,-0.56,0.7,1.1
sunbeam,7,5.93,14,3.87,15,5.93,15,4.67,15,5.67,21,3.8,15,0.04,-0.62,1.17,-0.28,0.85,0.85
sunburn,7,7,14,2.73,15,6.36,14,5.47,15,6.43,21,5,15,1.01,-1.59,1.52,0.28,1.35,2
Sunday,6,7,14,1.8,15,1.93,15,7.6,15,2.71,21,2.6,15,1.01,-2.38,-2.16,1.77,-1.08,-0.31
sundown,7,6.36,14,3.47,15,6.07,14,4.8,15,6.38,21,5.47,15,0.42,-0.96,1.28,-0.19,1.32,2.45
sunflower,9,6.79,14,2.93,15,5.07,15,7.13,15,6.81,21,3.47,15,0.81,-1.42,0.45,1.44,1.6,0.53
sunlamp,7,4.43,14,5.79,14,4.54,13,6.47,15,4.43,21,3.87,15,-1.33,1.02,0.01,0.98,0.04,0.91
sunlight,8,6.86,14,2.47,15,6.77,13,5,15,6.38,21,5.4,15,0.88,-1.81,1.87,-0.05,1.32,2.38
sunrise,7,6.79,14,2.43,14,6.64,14,5,15,6.86,21,5.33,15,0.81,-1.85,1.76,-0.05,1.63,2.32
sunroof,7,6.71,14,3.47,15,5.57,14,6.33,15,6.19,21,4.67,15,0.75,-0.96,0.87,0.88,1.2,1.68
sunset,6,6.93,14,2.2,15,5.27,15,4.6,15,6.71,21,4.13,15,0.94,-2.04,0.61,-0.33,1.54,1.17
sunshine,8,6.93,14,2.67,15,6,14,4.33,15,6.71,21,5.47,15,0.94,-1.64,1.23,-0.52,1.54,2.45
sunspot,7,5.14,14,5.87,15,4.71,14,4.21,14,4.9,21,2.47,15,-0.68,1.09,0.15,-0.6,0.36,-0.44
sunstroke,9,5,14,5.6,15,4.86,14,5.21,14,3.24,21,3.6,15,-0.81,0.86,0.27,0.1,-0.73,0.65
suntan,6,6.07,14,4.13,15,5.79,14,6.4,15,5.57,21,4.8,15,0.16,-0.39,1.05,0.93,0.79,1.81
superhuman,10,6.71,14,4.2,15,5.93,15,4.87,15,4.24,21,2.73,15,0.75,-0.33,1.17,-0.14,-0.08,-0.18
superimpose,11,5.36,14,6.67,15,4.07,15,6.47,15,2.95,21,1.33,15,-0.48,1.77,-0.39,0.98,-0.92,-1.53
superman,8,6.93,14,3.13,15,5.29,14,5.07,15,6.76,21,4.07,15,0.94,-1.25,0.63,0,1.57,1.1
supermarket,11,6.93,14,2.87,15,4.29,14,8.67,15,6.81,21,5.2,15,0.94,-1.47,-0.2,2.52,1.6,2.19
supersonic,10,5.21,14,5.87,15,4.8,15,5.57,14,3.33,21,3.07,15,-0.61,1.09,0.23,0.35,-0.67,0.14
superstar,9,7,14,3.73,15,4.6,15,5.53,15,4.48,21,3.8,15,1.01,-0.73,0.06,0.32,0.08,0.85
supervision,11,6.43,14,4.13,15,4.33,15,5.87,15,3,21,2.13,15,0.49,-0.39,-0.16,0.56,-0.89,-0.76
surfboard,9,6.5,14,3.73,15,6.36,14,6,15,6.52,21,4.67,15,0.55,-0.73,1.52,0.65,1.41,1.68
swimsuit,8,6.86,14,2.27,15,5.87,15,5,15,6.43,21,3.4,15,0.88,-1.99,1.11,-0.05,1.35,0.46
takeoff,7,6.79,14,3.73,15,3.8,15,6.21,14,5.29,21,4,15,0.81,-0.73,-0.61,0.8,0.61,1.04
takeover,8,6.5,14,4.33,15,4.87,15,4.47,15,2.43,21,2.13,15,0.55,-0.22,0.28,-0.42,-1.26,-0.76
tapeworm,8,6.21,14,5.2,15,3.67,15,8.07,15,5.1,21,4.07,15,0.29,0.52,-0.72,2.1,0.48,1.1
taxicab,7,6.93,14,3.27,15,5.4,15,4.08,13,6.71,21,3.4,15,0.94,-1.13,0.73,-0.69,1.54,0.46
teammate,8,6.93,14,2.67,15,6.36,14,5.33,15,5.76,21,3.47,15,0.94,-1.64,1.52,0.18,0.92,0.53
teamwork,8,6.93,14,2.73,15,6.07,15,4.53,15,3.48,21,3.13,15,0.94,-1.59,1.28,-0.38,-0.58,0.21
tearoom,7,4.79,14,4.8,15,5.57,14,5.4,15,4.71,21,2.93,15,-1,0.18,0.87,0.23,0.23,0.01
telltale,8,5,14,5.33,15,4.43,14,5.57,14,1.67,21,1.73,15,-0.81,0.64,-0.08,0.35,-1.76,-1.14
tenfold,7,5.64,14,5.6,15,3.87,15,2.47,15,1.95,21,1.73,15,-0.22,0.86,-0.55,-1.82,-1.57,-1.14
textbook,8,7,14,3.93,15,5.93,15,6.33,15,6.67,21,2.6,15,1.01,-0.56,1.17,0.88,1.51,-0.31
thoroughbred,12,5.21,14,5.73,15,4.77,13,6.47,15,3.38,21,2.6,15,-0.61,0.98,0.2,0.98,-0.64,-0.31
threadbare,10,3.5,14,5.87,15,3.38,8,5.77,13,2.9,21,3.13,15,-2.17,1.09,-0.96,0.49,-0.95,0.21
threadlike,10,4.57,14,5.33,15,5.33,15,2.87,15,3.9,21,2.07,15,-1.2,0.64,0.67,-1.54,-0.3,-0.82
threesome,9,6.86,14,5.93,15,3.87,15,2,15,5.52,21,3.8,15,0.88,1.15,-0.55,-2.15,0.76,0.85
throughout,10,6.79,14,4.8,15,3.5,14,3.73,15,1.38,21,1.47,15,0.81,0.18,-0.86,-0.93,-1.95,-1.4
throwback,9,6.21,14,5.6,15,3.29,14,6.2,15,2.86,21,2.07,15,0.29,0.86,-1.04,0.79,-0.98,-0.82
tightrope,9,5.93,14,4.73,15,4.46,13,6.53,15,5.81,21,3.6,15,0.04,0.12,-0.06,1.02,0.95,0.65
tightwad,8,3.93,14,6.33,15,3.31,13,3.25,12,2.19,21,1.4,15,-1.78,1.49,-1.02,-1.27,-1.42,-1.46
tiptoe,6,7,14,2.13,15,5.27,15,5.73,15,5.57,21,3.67,15,1.01,-2.1,0.61,0.46,0.79,0.72
toadstool,9,3.5,14,5.47,15,2.53,15,5.69,13,3.57,21,1.8,15,-2.17,0.75,-1.66,0.44,-0.52,-1.08
toenail,7,6.93,14,2.07,15,6.64,14,4.93,15,6.81,21,4.73,15,0.94,-2.16,1.76,-0.1,1.6,1.74
tombstone,9,6.86,14,4.4,15,5.71,14,3.93,15,6.48,21,4.27,15,0.88,-0.16,0.99,-0.79,1.38,1.29
torchlight,10,4.71,14,4.8,15,5.93,15,5.86,14,5.48,21,3.33,15,-1.07,0.18,1.17,0.55,0.73,0.4
tortoiseshell,13,5.79,14,4.53,15,5.93,14,5.13,15,6.29,21,3.93,15,-0.09,-0.05,1.17,0.04,1.26,0.97
touchdown,9,6.93,14,3.67,15,3.73,15,4.93,14,5.76,21,4.4,15,0.94,-0.79,-0.66,-0.1,0.92,1.42
touchstone,10,3.86,14,5.73,15,2.85,13,6,9,2.9,21,1.23,13,-1.85,0.98,-1.4,0.65,-0.95,-1.62
township,8,4.57,14,5.6,15,2.92,13,1.57,14,3.62,21,1.86,14,-1.2,0.86,-1.34,-2.45,-0.48,-1.02
trademark,9,6.64,14,4.8,15,3.67,15,6.27,15,3.62,21,1.67,15,0.68,0.18,-0.72,0.84,-0.48,-1.21
treadmill,9,6.86,14,4.4,15,3.2,15,3.8,15,6.57,21,3.8,15,0.88,-0.16,-1.11,-0.89,1.45,0.85
tugboat,7,5.71,14,3.2,15,4.67,15,7,15,5.71,21,2.2,15,-0.16,-1.19,0.11,1.35,0.89,-0.69
tumbleweed,10,5.29,14,5.33,15,4.69,13,6.87,15,5.33,21,3.2,15,-0.55,0.64,0.14,1.26,0.64,0.27
turtledove,10,4.57,14,4.33,15,3.07,15,7.69,13,4.86,21,2.07,15,-1.2,-0.22,-1.22,1.83,0.32,-0.82
turtleneck,10,6.86,14,2.87,15,3.43,14,7.87,15,6.76,21,4,15,0.88,-1.47,-0.92,1.96,1.57,1.04
update,6,6.5,14,4.47,15,3.29,14,5.93,15,2.19,21,1.73,15,0.55,-0.11,-1.04,0.6,-1.42,-1.14
upend,5,3,14,6.47,15,2.91,11,5.62,13,2.05,21,2.27,15,-2.63,1.6,-1.35,0.38,-1.51,-0.63
upgrade,7,6.57,14,4.53,15,3.36,14,3.8,15,2.38,21,2,15,0.62,-0.05,-0.98,-0.89,-1.29,-0.88
uphill,6,6.64,14,3.2,15,6.2,15,4.93,15,4.76,21,3.21,14,0.68,-1.19,1.39,-0.1,0.26,0.28
uphold,6,5.86,14,5.2,15,3.43,14,5.87,15,2.24,21,1.93,15,-0.03,0.52,-0.92,0.56,-1.39,-0.95
upkeep,6,5.5,14,5.67,15,3.54,13,6.5,14,1.95,21,1.87,15,-0.35,0.92,-0.83,1,-1.57,-1.01
uplift,6,6.21,14,5.33,15,4.4,15,5.6,15,2.67,21,2.13,15,0.29,0.64,-0.11,0.37,-1.11,-0.76
upright,7,6.64,14,4.27,15,4.2,15,4.07,15,4.52,21,1.93,15,0.68,-0.28,-0.28,-0.7,0.11,-0.95
uproar,6,6.57,14,5,15,4.13,15,5.87,15,3.14,21,3.93,15,0.62,0.35,-0.33,0.56,-0.8,0.97
uproot,6,5.71,14,5.53,15,4.53,15,4.93,15,3.48,21,2.53,15,-0.16,0.81,0,-0.1,-0.58,-0.37
upset,5,7,14,1.87,15,1.4,15,5.29,14,3.29,21,3.47,15,1.01,-2.33,-2.61,0.15,-0.7,0.53
upshot,6,2.93,14,6,15,2.91,11,4.71,14,1.86,21,1.4,15,-2.69,1.21,-1.35,-0.25,-1.64,-1.46
upside,6,6,14,4.8,15,3.8,15,3.93,14,1.76,21,1.6,15,0.1,0.18,-0.61,-0.8,-1.7,-1.27
upstage,7,6.43,14,5.6,15,3.4,15,5.47,15,3.29,21,1.6,15,0.49,0.86,-0.94,0.28,-0.7,-1.27
upstream,8,6.43,14,3.93,15,5.13,15,5.53,15,4.33,21,3.07,15,0.49,-0.56,0.5,0.32,-0.02,0.14
uptight,7,6.36,14,4.93,15,2.13,15,7.13,15,2.24,21,2.27,15,0.42,0.29,-2,1.44,-1.39,-0.63
uptown,6,5.57,14,5.07,15,4.36,14,5.93,15,4,21,3.27,15,-0.29,0.41,-0.14,0.6,-0.24,0.33
uttermost,9,5.07,14,5.87,15,3.36,14,6,15,1.19,21,1.4,15,-0.74,1.09,-0.98,0.65,-2.07,-1.46
viewpoint,9,6.07,14,5.4,15,4.93,14,3.53,15,2.81,21,3.2,15,0.16,0.69,0.33,-1.07,-1.01,0.27
vineyard,8,6.57,14,4.47,15,5.29,14,4.47,15,6.48,21,3.93,15,0.62,-0.11,0.63,-0.42,1.38,0.97
waistband,9,6.29,14,4.87,15,5.57,14,4.27,15,4.76,21,3.27,15,0.36,0.24,0.87,-0.56,0.26,0.33
waistcoat,9,4.71,14,5.53,15,4.27,15,7.21,14,4.71,21,2.27,15,-1.07,0.81,-0.22,1.5,0.23,-0.63
waistline,9,6.43,14,5,15,4.43,14,2.67,15,5.95,21,4.2,15,0.49,0.35,-0.08,-1.68,1.04,1.23
wallflower,10,5.5,14,6.33,15,3,14,4.47,15,3.62,21,3.6,15,-0.35,1.49,-1.28,-0.42,-0.48,0.65
wallpaper,9,6.93,14,4.13,15,5.79,14,5.53,15,6.14,21,3.6,15,0.94,-0.39,1.05,0.32,1.17,0.65
wanderlust,10,4,14,6.8,15,4.23,13,4.75,12,2.14,21,1.6,15,-1.72,1.89,-0.25,-0.22,-1.45,-1.27
wartime,7,6.57,14,4.6,15,6.31,13,3.47,15,5.33,21,4,15,0.62,0.01,1.48,-1.12,0.64,1.04
wastebasket,11,6.93,14,3.13,15,6.27,15,5.2,15,6.05,21,2.47,15,0.94,-1.25,1.45,0.09,1.1,-0.44
wasteland,9,6.07,14,5.33,15,4.57,14,4.47,15,5,21,3.73,15,0.16,0.64,0.03,-0.42,0.42,0.78
wastewater,10,4,14,6.2,15,4.79,14,5.8,15,4.57,21,3.67,15,-1.72,1.38,0.21,0.51,0.14,0.72
waterfall,9,6.93,14,2.8,15,6.27,15,4.67,15,6.57,21,4.6,15,0.94,-1.53,1.45,-0.28,1.45,1.62
waterfront,10,6.5,14,4.07,15,5.2,15,3.67,15,5.1,21,3.27,15,0.55,-0.45,0.56,-0.98,0.48,0.33
watermark,9,4.57,14,5.67,15,4.2,15,7.14,14,4.48,21,2.2,15,-1.2,0.92,-0.28,1.45,0.08,-0.69
watermelon,10,7,14,2.13,15,4.36,14,8.33,15,6.95,21,5.93,15,1.01,-2.1,-0.14,2.28,1.69,2.9
waterproof,10,6.93,14,4.13,15,3.79,14,3.8,15,4.43,21,3.67,15,0.94,-0.39,-0.62,-0.89,0.04,0.72
waterspout,10,5.29,14,4.8,15,6.46,13,5.13,15,4.76,21,3.27,15,-0.55,0.18,1.61,0.04,0.26,0.33
watertight,10,4.14,14,5.47,15,4.54,13,4.79,14,2.43,21,1.47,15,-1.59,0.75,0.01,-0.2,-1.26,-1.4
waterway,8,5.57,14,4.67,15,5.15,13,3.73,15,4.62,21,4.13,15,-0.29,0.07,0.52,-0.93,0.17,1.17
wedlock,7,5.21,14,6.2,15,2.82,11,4.47,15,2.43,21,2,15,-0.61,1.38,-1.43,-0.42,-1.26,-0.88
weekday,7,7,14,2.8,15,6.36,14,5.27,15,3.52,21,3.13,15,1.01,-1.53,1.52,0.14,-0.55,0.21
weekend,7,7,14,2.6,15,6.07,15,5.4,15,3.33,21,3.07,15,1.01,-1.7,1.28,0.23,-0.67,0.14
werewolf,8,6.64,14,3.67,15,2.79,14,8.27,15,6.38,21,3.93,15,0.68,-0.79,-1.45,2.24,1.32,0.97
whatever,8,7,14,3.47,15,3.23,13,4.33,15,1.86,21,2.47,15,1.01,-0.96,-1.08,-0.52,-1.64,-0.44
whatnot,7,5.93,14,5.33,15,2.6,15,3.5,14,1.05,21,1.07,15,0.04,0.64,-1.61,-1.1,-2.16,-1.78
whenever,8,7,14,4.07,15,4,15,3.93,15,1.43,21,1.2,15,1.01,-0.45,-0.44,-0.79,-1.92,-1.65
whetstone,9,2.43,14,6.6,15,3.7,10,5.8,10,2.76,21,1.87,15,-3.15,1.72,-0.69,0.51,-1.04,-1.01
whichever,9,6.5,14,4.33,15,3.33,15,4.2,15,1.43,21,1.2,15,0.55,-0.22,-1,-0.61,-1.92,-1.65
whirlpool,9,6.29,14,4.13,15,5.53,15,5.33,15,5.76,21,3.6,15,0.36,-0.39,0.84,0.18,0.92,0.65
whirlwind,9,5.71,14,4.87,15,5.27,15,5.8,15,4,21,3.13,15,-0.16,0.24,0.61,0.51,-0.24,0.21
whoever,7,6.5,14,4.07,15,3.57,14,2.8,15,1.81,21,1.47,15,0.55,-0.45,-0.8,-1.59,-1.67,-1.4
wholesale,9,5.5,14,6,15,3.47,15,6.07,15,2.24,21,1.67,15,-0.35,1.21,-0.89,0.7,-1.39,-1.21
wholesome,9,6.36,14,6.2,15,3.73,15,3.93,15,2.48,21,1.67,15,0.42,1.38,-0.66,-0.79,-1.23,-1.21
whomever,8,6.5,14,6.07,15,3.67,15,3.93,15,1.52,21,1.2,15,0.55,1.26,-0.72,-0.79,-1.85,-1.65
widespread,10,6.79,14,5,15,5.4,15,4.67,15,2.24,21,1.8,15,0.81,0.35,0.73,-0.28,-1.39,-1.08
willpower,9,6.57,14,5.67,15,5.33,15,4.6,15,2.14,21,3,15,0.62,0.92,0.67,-0.33,-1.45,0.08
windowpane,10,6.29,14,3.93,15,5.33,15,4.4,15,5.57,21,1.93,15,0.36,-0.56,0.67,-0.47,0.79,-0.95
windowsill,10,6.79,14,3.07,15,4.86,14,3.87,15,6.05,21,4.2,15,0.81,-1.3,0.27,-0.84,1.1,1.23
wingspan,8,6.71,14,4.53,15,5.47,15,4.33,15,4.76,21,2.93,15,0.75,-0.05,0.78,-0.52,0.26,0.01
wintergreen,11,4.86,14,4.87,15,2.6,15,6.08,12,3.05,21,3.27,15,-0.94,0.24,-1.61,0.71,-0.86,0.33
wintertime,10,6.71,14,2.67,15,6.47,15,2.67,15,5.67,21,4.53,15,0.75,-1.64,1.61,-1.68,0.85,1.55
wiretap,7,4.93,14,6.47,15,4.21,14,4.73,15,2.86,21,1.73,15,-0.87,1.6,-0.26,-0.24,-0.98,-1.14
wisecrack,9,4.86,14,5.73,15,3.21,14,3.87,15,2.29,21,2.8,15,-0.94,0.98,-1.1,-0.84,-1.36,-0.12
wishbone,8,6.86,14,3.93,15,4.86,14,7.27,15,5.95,21,3.6,15,0.88,-0.56,0.27,1.54,1.04,0.65
witchcraft,10,6.79,14,3.4,15,5,15,3.67,15,4.38,21,3.27,15,0.81,-1.02,0.39,-0.98,0.01,0.33
womanhood,9,6.43,14,5.33,15,3.64,14,1.87,15,3.43,21,3.47,15,0.49,0.64,-0.74,-2.24,-0.61,0.53
womankind,9,6.07,14,4.8,15,3.93,14,2.07,15,3.57,21,2.87,15,0.16,0.18,-0.5,-2.1,-0.52,-0.05
wordplay,8,6.5,14,5.8,15,4.93,14,3.53,15,2.43,21,2.8,15,0.55,1.03,0.33,-1.07,-1.26,-0.12
worldwide,9,6.93,14,4.4,15,4.93,14,3.07,15,3.48,21,3.33,15,0.94,-0.16,0.33,-1.4,-0.58,0.4
wristwatch,10,6.64,14,3,15,6.27,15,6.33,15,6.76,21,3.31,13,0.68,-1.36,1.45,0.88,1.57,0.37
yardstick,9,6.86,14,3.87,15,5.87,15,5.33,15,5.95,21,2.2,15,0.88,-0.62,1.11,0.18,1.04,-0.69
yearbook,8,6.64,14,3.93,15,5.38,13,5.93,15,6.57,21,3.8,15,0.68,-0.56,0.71,0.6,1.45,0.85
NA,NA,NA,NA,NA,NA,NA,NA,NA,NA,NA,NA,NA,NA,NA,NA,NA,NA,NA,NA
NA,NA,NA,NA,NA,NA,NA,NA,NA,NA,NA,NA,NA,NA,NA,NA,NA,NA,NA,NA
